{
  // Place your snippets for dockercompose here. Each snippet is defined under a snippet name and has a prefix, body and
  // description. The prefix is what is used to trigger the snippet and the body will be expanded and inserted. Possible variables are:
  // $1, $2 for tab stops, $0 for the final cursor position, and ${1:label}, ${2:another} for placeholders. Placeholders with the
  // same ids are connected.
  // Example:
  // "Print to console": {
  // 	"prefix": "log",
  // 	"body": [
  // 		"console.log('$1');",
  // 		"$2"
  // 	],
  // 	"description": "Log output to console"
  // },
  "dc-php-mysql-socker-compose": {
    "prefix": "dk-php-mysql-socker-compose",
    "body": [
      "version: \"3\"",
      "",
      "services:",
      "  web:",
      "    build:",
      "      context: .",
      "      dockerfile: Dockerfile",
      "    volumes:",
      "      - ./src:/var/www/html/projeto",
      "    ports:",
      "      - \"8000:80\" # host:container",
      "",
      "  db:",
      "    image: mysql:5.7",
      "    environment:",
      "      - MYSQL_ROOT_PASSWORD=rootpass",
      "      - MYSQL_DATABASE=db",
      "      - MYSQL_USER=user",
      "      - MYSQL_PASSWORD=userpass",
      "      - TZ=America/Sao_Paulo",
      "    ports:",
      "      - \"3307:3306\" # host:container",
      "    volumes:",
      "      - db-data:/var/lib/mysql",
      "      - ./mysql-init:/docker-entrypoint-initdb.d",
      "",
      "volumes:",
      "  db-data:",
      ""
    ],
    "description": "docker-compose com PHP e MySQL"
  }
}
