{
	// Place your snippets for html here. Each snippet is defined under a snippet name and has a prefix, body and 
	// description. The prefix is what is used to trigger the snippet and the body will be expanded and inserted. Possible variables are:
	// $1, $2 for tab stops, $0 for the final cursor position, and ${1:label}, ${2:another} for placeholders. Placeholders with the 
	// same ids are connected.
	// Example:
	// "Print to console": {
	// 	"prefix": "log",
	// 	"body": [
	// 		"console.log('$1');",
	// 		"$2"
	// 	],
	// 	"description": "Log output to console"
	// }
	"on-view-template": {
		"prefix": "view-template",
		"body": [
			"<!DOCTYPE html>",
			"<html lang=\"pt-BR\">",
			"<!-- app/Views/template/main.php -->",
			"",
			"<head>",
			"    <meta charset=\"UTF-8\">",
			"    <meta http-equiv=\"X-UA-Compatible\" content=\"IE=edge\">",
			"    <meta name=\"viewport\" content=\"width=device-width, initial-scale=1.0\">",
			"",
			"    <!-- Bootstrap CSS -->",
			"    <link href=\"https://cdn.jsdelivr.net/npm/bootstrap@5.2.3/dist/css/bootstrap.min.css\" rel=\"stylesheet\" integrity=\"sha384-rbsA2VBKQhggwzxH7pPCaAqO46MgnOM80zW1RWuH61DGLwZJEdK2Kadq2F9CUG65\" crossorigin=\"anonymous\">",
			"    <title><?= isset($$metadata['page_title']) ? ($$metadata['page_title']) : (' DEGASE '); ?></title>",
			"</head>",
			"",
			"<body>",
			"    <header>",
			"        <!-- Acessibilidade -->",
			"        <div vw class=\"enabled\">",
			"            <div vw-access-button class=\"active\"></div>",
			"            <div vw-plugin-wrapper>",
			"                <div class=\"vw-plugin-top-wrapper\"></div>",
			"            </div>",
			"        </div>",
			"        <!-- <h1>Template Principal</h1> -->",
			"    </header>",
			"    <main>",
			"        <?php if (isset($$loadView) && $$loadView !== array()) : ?>",
			"            <?php foreach ($$loadView as $$getView) : ?>",
			"                <?php",
			"                echo view($$getView);",
			"                ?>",
			"            <?php endforeach ?>",
			"        <?php else : ?>",
			"            <h1>Não foi passado nenhma view!</h1>",
			"        <?php endif ?>",
			"    </main>",
			"    <footer>",
			"        <!-- React e ReactDOM via CDN -->",
			"        <script src=\"https://unpkg.com/react@17/umd/react.development.js\"></script>",
			"        <script src=\"https://unpkg.com/react-dom@17/umd/react-dom.development.js\"></script>",
			"",
			"        <!-- Babel via CDN -->",
			"        <script src=\"https://unpkg.com/@babel/standalone@7.12.10/babel.min.js\"></script>",
			"",
			"        <!-- VLibras -->",
			"        <script src=\"https://vlibras.gov.br/app/vlibras-plugin.js\"></script>",
			"        <script>",
			"            new window.VLibras.Widget('https://vlibras.gov.br/app');",
			"        </script>",
			"",
			"        <!-- CKEditor via CDN -->",
			"        <script src=\"https://cdn.ckeditor.com/4.16.0/standard/ckeditor.js\"></script>",
			"",
			"        <!-- Bootstrap JS Bundle -->",
			"        <script src=\"https://cdn.jsdelivr.net/npm/bootstrap@5.2.3/dist/js/bootstrap.bundle.min.js\" integrity=\"sha384-kenU1KFdBIe4zVF0s0G1M5b4hcpxyD9F7jL+jjXkk+Q2h455rYXK/7HAuoJl+0I4\" crossorigin=\"anonymous\"></script>",
			"    </footer>",
			"",
			"</body>",
			"",
			"</html>",
		],
		"description": "Chama uma view completa com template, react, babel, CKeditor, vlibras e Bootstrap"
	},

	"on-php-start": {
		"prefix": "on-php-start", 
		"body": [
			"<?php", 
			"$$var;"
		],
		"description": "Primeiro"
	},

	"on-primeiro": {
		"prefix": "on-primeiro", 
		"body": [
			"Nº", 
			"1º", 
			"2º", 
			"3º", 
			"4º"
		],
		"description": "Primeiro"
	},

	"on-react-babel": {
		"prefix": "on-primeiro", 
		"body": [
			"    <script type=\"text/babel\">",
			"		class NomeDaClass extends React.Component {",
			"			funcaoDaClasse() {",
			"			}",
			"		}",
			"		render() {",
			"            return (",
			"                <div>",
			"                    &emsp;",
			"                </div>",
			"            );",
			"        }",
			"	</script>"
		],
		"description": "React + Babel + JSX"
	},

	"on- ": {
		"prefix": "on- ", 
		"body": [
			"&nbsp;"
		],
		"description": "Espaço com &nbsp; em HTML"
	},

	"sn-dev-html": {
		"prefix": "on-dev-html", 
		"body": [
			"<?php if ($$_SERVER['SERVER_NAME'] == '10.146.84.140'):?>",
            "<?php endif;?>"
		],
		"description": "decisão de ambiente"
	},

	"on-tab ": {
		"prefix": "on-tab", 
		"body": [
			"&emsp;"
		],
		"description": "Espaço com &nbsp; em HTML"
	},

	"on-btn-link": {
		"prefix": "on-btn-link",
		"body": [
			"<a class=\"btn btn-secondary\" href=\"#\" role=\"button\">Nome</a>&nbsp;",
			"<a class=\"btn btn-primary\" href=\"#\" role=\"button\">Nome</a>&nbsp;",
			"<a class=\"btn btn-success\" href=\"#\" role=\"button\">Nome</a>&nbsp;",
			"<a class=\"btn btn-warning\" href=\"#\" role=\"button\">Nome</a>&nbsp;",
			"<a class=\"btn btn-danger\" href=\"#\" role=\"button\">Nome</a>&nbsp;",
			"<a class=\"btn btn-danger\" href=\"#\" role=\"button\">Nome</a>&nbsp;",
			"<a class=\"btn btn-light\" href=\"#\" role=\"button\">Nome</a>&nbsp;",
			"<a class=\"btn btn-dark\" href=\"#\" role=\"button\">Nome</a>&nbsp;",
			"<a class=\"btn btn-info\" href=\"#\" role=\"button\">Nome</a>&nbsp;",
		],
		"description": "btn link"
	},
	"on-btn-cor": {
		"prefix": "on-btn-cor",
		"body": [
			"<button type=\"button\" class=\"btn btn-primary\">Primary</button>",
			"<button type=\"button\" class=\"btn btn-secondary\">Secondary</button>",
			"<button type=\"button\" class=\"btn btn-success\">Success</button>",
			"<button type=\"button\" class=\"btn btn-danger\">Danger</button>",
			"<button type=\"button\" class=\"btn btn-warning\">Warning</button>",
			"<button type=\"button\" class=\"btn btn-info\">Info</button>",
			"<button type=\"button\" class=\"btn btn-light\">Light</button>",
			"<button type=\"button\" class=\"btn btn-dark\">Dark</button>",
			"<button type=\"button\" class=\"btn btn-link\">Link</button>",
		],
		"description": "btn color"
	},
	"on-btn-tipo": {
		"prefix": "on-btn-tipo",
		"body": [
			"<a class=\"btn btn-primary\" href=\"#\" role=\"button\">Link</a>",
			"<button class=\"btn btn-primary\" type=\"submit\">Button</button>",
			"<input class=\"btn btn-primary\" type=\"button\" value=\"Input\">",
			"<input class=\"btn btn-primary\" type=\"submit\" value=\"Submit\">",
			"<input class=\"btn btn-primary\" type=\"reset\" value=\"Reset\">",
		],
		"description": "btn types"
	},
	"on-btn-contorno": {
		"prefix": "on-btn-contorno",
		"body": [
			"<button type=\"button\" class=\"btn btn-outline-primary\">Primary</button>",
			"<button type=\"button\" class=\"btn btn-outline-secondary\">Secondary</button>",
			"<button type=\"button\" class=\"btn btn-outline-success\">Success</button>",
			"<button type=\"button\" class=\"btn btn-outline-danger\">Danger</button>",
			"<button type=\"button\" class=\"btn btn-outline-warning\">Warning</button>",
			"<button type=\"button\" class=\"btn btn-outline-info\">Info</button>",
			"<button type=\"button\" class=\"btn btn-outline-light\">Light</button>",
			"<button type=\"button\" class=\"btn btn-outline-dark\">Dark</button>",
		],
		"description": "btn contorno(outline)"
	},
	"on-btn-size": {
		"prefix": "on-btn-size",
		"body": [
			"<button type=\"button\" class=\"btn btn-primary btn-sm\">Small button</button>",
			"<button type=\"button\" class=\"btn btn-primary btn-lg\">Large button</button>",
			"<button type=\"button\" class=\"btn btn-primary btn-lg btn-block\">Block level button</button>",
		],
		"description": "btn size"
	},
	"on-view-container-vazio": {
		"prefix": "on-view-container-vazio",
		"body": [
			"<div class=\"container\">",
			"    &nbsp;",
			"</div>",
		],
		"description": "Container vazio"
	},
	"on-grid-linha": {
		"prefix": "on-grid-linha",
		"body": [
			"    <div class=\"row\">",
			"        <div class=\"col-sm-4\">",
			"            &nbsp; C1",
			"        </div>",
			"        <div class=\"col-sm-4\">",
			"            &nbsp; C2",
			"        </div>",
			"        <div class=\"col-sm-4\">",
			"            &nbsp; C3",
			"        </div>",
			"    </div>"
		],
		"description": "Grid ou Linha"
	},
	"on-view-tabela": {
		"prefix": "on-view-tabela",
		"body": [
			"<?php",
			"$$title = (isset($$msg)) ? ($$msg) : ('Identificação do Usuário');",
			"$$loadField = isset($$result) ? $$result : array();",
			"?>",
			"<table class=\"table table-hover\">",
			"    <thead>",
			"        <tr>",
			"            <th scope=\"col\">COLUNA1</th>",
			"            <th scope=\"col\">COLUNA2</th>",
			"            <th scope=\"col\">COLUNA3</th>",
			"            <th scope=\"col\">COLUNA4</th>",
			"            <th scope=\"col\">COLUNA5</th>",
			"            <th scope=\"col\">COLUNA6</th>",
			"        </tr>",
			"    </thead>",
			"    <tbody>",
			"        <?php foreach ($$loadField as $$valueFild) : ?>",
			"        <tr>",
			"        <th scope=\"row\"><?='' // $$valueFild['campo1'] ?></th>",
			"            <td><?='' // . $$valueFild['campo2'] ?></td>",
			"            <td><?='' // . $$valueFild['campo3'] ?></td>",
			"            <td><?='' // . $$valueFild['campo4'] ?></td>",
			"            <td><?='' // . $$valueFild['campo5'] ?></td>",
			"            <td><?='' // . $$valueFild['campo6'] ?></td>",
			"        </tr>",
			"        <?php endforeach ?>",
			"    </tbody>",
			"    <tfoot>",
			"        <tr>",
			"            <th>&ensp;</th>",
			"            <th>&ensp;</th>",
			"            <th>&ensp;</th>",
			"            <th>&ensp;</th>",
			"            <th>&ensp;</th>",
			"            <th>&ensp;</th>",
			"        </tr>",
			"    </tfoot>",
			"</table>",
		],
		"description": "View Tabela"
	},
	"on-boots-alert": {
		"prefix": "on-boots-alert",
		"body": [
			"<div class=\"alert alert-primary\" role=\"alert\">",
			"    Azul - Primário",
			"</div>",
			"<div class=\"alert alert-secondary\" role=\"alert\">",
			"   Cinza - Secundário",
			"</div>",
			"<div class=\"alert alert-success\" role=\"alert\">",
			"    Verde - Sucesso",
			"</div>",
			"<div class=\"alert alert-danger\" role=\"alert\">",
			"    Vermelho - Perigo",
			"</div>",
			"<div class=\"alert alert-warning\" role=\"alert\">",
			"    Amarelo - Cuidado",
			"</div>",
			"<div class=\"alert alert-info\" role=\"alert\">",
			"    Azul - Simples",
			"</div>",
			"<div class=\"alert alert-light\" role=\"alert\">",
			"    Branco - Simples",
			"</div>",
			"<div class=\"alert alert-dark\" role=\"alert\">",
			"    Cinza - Darck",
			"</div>",
		],
		"description": "Alertas do Bootstrap 4.6"
	},
	"on-card": {
		"prefix": "on-card",
		"body": [
			"<div class=\"card\" style=\"width: 18rem;\">",
			"  <div class=\"card-body\">",
			"    <h5 class=\"card-title\">Card title</h5>",
			"    <h6 class=\"card-subtitle mb-2 text-muted\">Card subtitle</h6>",
			"    <p class=\"card-text\">Some quick example text to build on the card title and make up the bulk of the card's content.</p>",
			"    <a href=\"#\" class=\"card-link\">Card link</a>",
			"    <a href=\"#\" class=\"card-link\">Another link</a>",
			"  </div>",
			"</div>",
			"<div class=\"card\" style=\"width: 18rem;\">",
			"    <div class=\"card-header\">",
			"        Featured",
			"    </div>",
			"    <ul class=\"list-group list-group-flush\">",
			"        <li class=\"list-group-item\">An item</li>",
			"        <li class=\"list-group-item\">A second item</li>",
			"        <li class=\"list-group-item\">A third item</li>",
			"    <div class=\"card-footer\">",
			"        Card footer",
			"    </div>",
			"    </ul>",
			"</div>",
			"<div class=\"card text-center\">",
			"    <div class=\"card-header\">",
			"        Featured",
			"    </div>",
			"    <div class=\"card-body\">",
			"        <h5 class=\"card-title\">Special title treatment</h5>",
			"        <p class=\"card-text\">With supporting text below as a natural lead-in to additional content.</p>",
			"        <a href=\"#\" class=\"btn btn-primary\">Go somewhere</a>",
			"    </div>",
			"    <div class=\"card-footer text-muted\">",
			"        2 days ago",
			"    </div>",
			"</div>",
			"<div class=\"row\">",
			"    <div class=\"col-sm-6\">",
			"        <div class=\"card\">",
			"            <div class=\"card-body\">",
			"                <h5 class=\"card-title\">Special title treatment</h5>",
			"                <p class=\"card-text\">With supporting text below as a natural lead-in to additional content.</p>",
			"                <a href=\"#\" class=\"btn btn-primary\">Go somewhere</a>",
			"            </div>",
			"        </div>",
			"    </div>",
			"    <div class=\"col-sm-6\">",
			"        <div class=\"card\">",
			"            <div class=\"card-body\">",
			"                <h5 class=\"card-title\">Special title treatment</h5>",
			"                <p class=\"card-text\">With supporting text below as a natural lead-in to additional content.</p>",
			"                <a href=\"#\" class=\"btn btn-primary\">Go somewhere</a>",
			"            </div>",
			"        </div>",
			"    </div>",
			"</div>",
		],
		"description": "Card"
	},
	"on-card-alinhamento": {
		"prefix": "on-card-alinhamento",
		"body": [
			"<div class=\"card\">",
			"    <div class=\"card-header\">",
			"        <h5 class=\"card-title\">Título</h5>",
			"    </div>",
			"    <div class=\"card-body\">",
			"        <p class=\"card-text text-center\">conteúdo</p>",
			"    </div>",
			"    <div class=\"card-footer text-right\">",
			"        <a href=\"#\" class=\"btn btn-primary\">Botão</a>",
			"    </div>",
			"</div>",
			"<div class=\"card\" style=\"width: 18rem;\">",
			"  <div class=\"card-body\">",
			"    <h5 class=\"card-title\">Special title treatment</h5>",
			"    <p class=\"card-text\">With supporting text below as a natural lead-in to additional content.</p>",
			"    <a href=\"#\" class=\"btn btn-primary\">Go somewhere</a>",
			"  </div>",
			"</div>",
			"",
			"<div class=\"card text-center\" style=\"width: 18rem;\">",
			"  <div class=\"card-body\">",
			"    <h5 class=\"card-title\">Special title treatment</h5>",
			"    <p class=\"card-text\">With supporting text below as a natural lead-in to additional content.</p>",
			"    <a href=\"#\" class=\"btn btn-primary\">Go somewhere</a>",
			"  </div>",
			"</div>",
			"",
			"<div class=\"card text-right\" style=\"width: 18rem;\">",
			"  <div class=\"card-body\">",
			"    <h5 class=\"card-title\">Special title treatment</h5>",
			"    <p class=\"card-text\">With supporting text below as a natural lead-in to additional content.</p>",
			"    <a href=\"#\" class=\"btn btn-primary\">Go somewhere</a>",
			"  </div>",
			"</div>",
		],
		"description": "Card Alinhamento"
	},
	"on-img": {
		"prefix": "on-img",
		"body": [
			"<img src=\"<?= base_url() . '/imagem.png'; ?>\" alt=\"IMAGEM\" height=\"100px\" width=\"100px\">"
		],
		"description": "Modelo"
	},
	"on-php-if": {
		"prefix": "on-php-if",
		"body": [
			"    <?php if (true) : ?>",
			"    <?php elseif (true) : ?>",
			"    <?php else : ?>",
			"    <?php endif; ?>"
		],
		"description": "if HTML"
	},
	"on-php-for": {
		"prefix": "on-php-for",
		"body": [
			"    <?php for ($i = 0; $i < $var; $i++) : ?>",
			"    <?php endfor; ?>"
		],
		"description": "For"
	},
	"on-php-foreach": {
		"prefix": "on-php-foreach",
		"body": [
			"    <?php foreach ($$variable as $$key => $$value) : ?>",
			"    <?php endforeach; ?>"
		],
		"description": "Foreach"
	},
	"on-shadow": {
		"prefix": "on-shadow",
		"body": [
			"<div class=\"shadow-none p-3 mb-5 bg-light rounded\">Sem sombra</div>", 
			"<div class=\"shadow-sm p-3 mb-5 bg-white rounded\">Sombra pequena</div>", 
			"<div class=\"shadow p-3 mb-5 bg-white rounded\">Sombra média</div>", 
			"<div class=\"shadow-lg p-3 mb-5 bg-white rounded\">Sombra grande</div>"
		],
		"description": "Modelo"
	}, 
	"on-btp-row": {
		"prefix": "on-btp-row",
		"body": [
			
			"<div class=\"row\">",
			"    <div class=\"col-12 col-sm-4\">.col-12 .col-sm-4</div>",
			"    <div class=\"col-12 col-sm-8\">.col-12 .col-sm-8</div>",
			"</div>",
			"<div class=\"row\">",
			"    <div class=\"col-12 col-sm-2\">.col-12 .col-sm-2</div>",
			"    <div class=\"col-12 col-sm-10\">.col-12 .col-sm-10</div>",
			"</div>",
			"<div class=\"row\">",
			"    <div class=\"col-12 col-sm-3\">.col-12 .col-sm-3</div>",
			"    <div class=\"col-12 col-sm-9\">.col-12 .col-sm-9</div>",
			"</div>",
			"<div class=\"row\">",
			"    <div class=\"col-12 col-sm-6\">.col-12 .col-sm-6</div>",
			"    <div class=\"col-12 col-sm-6\">.col-12 .col-sm-6</div>",
			"</div>",
			"<div class=\"row\">",
			"    <div class=\"col-12 col-sm-4\">.col-12 .col-sm-4</div>",
			"    <div class=\"col-12 col-sm-4\">.col-12 .col-sm-4</div>",
			"    <div class=\"col-12 col-sm-4\">.col-12 .col-sm-4</div>",
			"</div>",
			"<div class=\"row\">",
			"    <div class=\"col-12 col-sm-3\">.col-12 .col-sm-3</div>",
			"    <div class=\"col-12 col-sm-3\">.col-12 .col-sm-3</div>",
			"    <div class=\"col-12 col-sm-3\">.col-12 .col-sm-3</div>",
			"    <div class=\"col-12 col-sm-3\">.col-12 .col-sm-3</div>",
			"</div>"
		],
		"description": "Linhas bootstrap-"
	}, 
	"on-btp-d-flex-justify-content-center": {
		"prefix": "on-btp-d-flex-justify-content-center",
		"body": [
			"<div class=\"d-flex justify-content-center\">",
			"    &nbsp;",
			"</div>",
		],
		"description": "flex-justify-content-center"
	}, 
	"on-btp-container-bg-white": {
		"prefix": "on-btp-container-bg-white",
		"body": [
			"<div class=\"container bg-white\">",
			"    &nbsp;",
			"</div>"
		],
		"description": "bg-white"
	}, 
	"on-container-sombra-3d": {
		"prefix": "on-container-sombra-3d",
		"body": [
			"<div class=\"container\" style=\"border: 1px  solid gainsboro; background-color: white; box-shadow: 3px 3px 10px black;\">",
			"    &nbsp;",
			"</div>"
		],
		"description": "Container com sobra 3D"
	}, 
	"on-btp-d-flex-h-100": {
		"prefix": "on-btp-d-flex-h-100",
		"body": [
			"<div class=\"d-flex justify-content-center h-100\">",
			"    &nbsp;",
			"</div>"
		],
		"description": "flex-h-100"
	}, 
	"on-btp-modal": {
		"prefix": "on-btp-modal",
		"body": [
			"<!-- Button data-target=\"#exampleModal\" -->",
			"<button type=\"button\" class=\"btn btn-primary\" data-toggle=\"modal\" data-target=\"#exampleModal\">",
			"  Launch demo modal",
			"</button>",
			"<!-- Modal extra largo modal-xl -->",
			"<div class=\"modal-dialog modal-xl\" id=\"exampleModal\">...</div>",
			"<!-- Modal largo  modal-lg -->",
			"<div class=\"modal-dialog modal-lg\" id=\"exampleModal\">...</div>",
			"<!-- Modal pequeno modal-sm -->",
			"<div class=\"modal-dialog modal-sm\" id=\"exampleModal\">...</div>",
			"<!-- Modal centrado verticalmente modal-dialog-centered -->",
			"<div class=\"modal-dialog modal-dialog-centered\" id=\"exampleModal\">",
			"  ...",
			"</div>",
			"<!-- Modal rolável centrado verticalmente modal-dialog-centered -->",
			"<div class=\"modal-dialog modal-dialog-centered modal-dialog-scrollable\" id=\"exampleModal\">",
			"  ...",
			"</div>",
			"<!-- Modal grande com Scrool modal-dialog-scrollable -->",
			"<div class=\"modal-dialog modal-dialog-scrollable\" id=\"exampleModal\">",
			"  ...",
			"</div>",
			"<!-- Modal grande sem scrool modal-dialog -->",
			"<div class=\"modal-dialog\" id=\"exampleModal\">",
			"  ...",
			"</div>",
			"<!-- Trava Modal: data-backdrop=\"static\" -->",
			"<div class=\"modal fade\" id=\"exampleModal\" data-backdrop=\"static\" data-keyboard=\"false\" tabindex=\"-1\" aria-labelledby=\"staticBackdropLabel\" aria-hidden=\"true\">",
			"    <div class=\"modal-dialog\">",
			"        <div class=\"modal-content\">",
			"            <div class=\"modal-header\">",
			"                <h5 class=\"modal-title\" id=\"staticBackdropLabel\">Modal title</h5>",
			"                <button type=\"button\" class=\"close\" data-dismiss=\"modal\" aria-label=\"Close\">",
			"                    <span aria-hidden=\"true\">&times;</span>",
			"                </button>",
			"            </div>",
			"            <div class=\"modal-body\">",
			"                ...",
			"            </div>",
			"            <div class=\"modal-footer\">",
			"                <button type=\"button\" class=\"btn btn-secondary\" data-dismiss=\"Modal\">Close</button>",
			"                <button type=\"button\" class=\"btn btn-primary\">Understood</button>",
			"            </div>",
			"        </div>",
			"    </div>",
			"</div>",
		],
		"description": "Modal"
	}, 
	"on-btp-input-group": {
		"prefix": "on-btp-input-group",
		"body": [
			"<div class=\"input-group mb-3\">",
			"  <div class=\"input-group-prepend\">",
			"    <span class=\"input-group-text\" id=\"basic-addon1\">@</span>",
			"  </div>",
			"  <input type=\"text\" class=\"form-control\" placeholder=\"Username\" aria-label=\"Username\" aria-describedby=\"basic-addon1\">",
			"</div>",
			"",
			"<div class=\"input-group mb-3\">",
			"  <input type=\"text\" class=\"form-control\" placeholder=\"Recipient's username\" aria-label=\"Recipient's username\" aria-describedby=\"basic-addon2\">",
			"  <div class=\"input-group-append\">",
			"    <span class=\"input-group-text\" id=\"basic-addon2\">@example.com</span>",
			"  </div>",
			"</div>",
			"",
			"<label for=\"basic-url\">Your vanity URL</label>",
			"<div class=\"input-group mb-3\">",
			"  <div class=\"input-group-prepend\">",
			"    <span class=\"input-group-text\" id=\"basic-addon3\">https://example.com/users/</span>",
			"  </div>",
			"  <input type=\"text\" class=\"form-control\" id=\"basic-url\" aria-describedby=\"basic-addon3\">",
			"</div>",
			"",
			"<div class=\"input-group mb-3\">",
			"  <div class=\"input-group-prepend\">",
			"    <span class=\"input-group-text\">$</span>",
			"  </div>",
			"  <input type=\"text\" class=\"form-control\" aria-label=\"Amount (to the nearest dollar)\">",
			"  <div class=\"input-group-append\">",
			"    <span class=\"input-group-text\">.00</span>",
			"  </div>",
			"</div>",
			"",
			"<div class=\"input-group\">",
			"  <div class=\"input-group-prepend\">'",
			"    <span class=\"input-group-text\">With textarea</span>",
			"  </div>",
			"  <textarea class=\"form-control\" aria-label=\"With textarea\"></textarea>",
			"</div>"
		],
		"description": "Agruamento de campos"
	}, 
	"on-icon": {
		"prefix": "on-icon",
		"body": [
			"<?= view('icon/icon', ['height' => '15px', 'width' => '15px']); ?>"
		],
		"description": "Carrega Icone"
	}, 
	"on-icon-bot": {
		"prefix": "on-icon-bot",
		"body": [
			"&nbsp;<?= view('icon/Calendar2_check');?>&nbsp;icon/Calendar2_check<br>",
			"&nbsp;<?= view('icon/align_end');?>&nbsp;icon/align_end<br>",
			"&nbsp;<?= view('icon/align_start');?>&nbsp;icon/align_start<br>",
			"&nbsp;<?= view('icon/arrow_bar_bottom');?>&nbsp;icon/arrow_bar_bottom<br>",
			"&nbsp;<?= view('icon/arrow_box_down');?>&nbsp;icon/arrow_box_down<br>",
			"&nbsp;<?= view('icon/arrow_caret_down');?>&nbsp;icon/arrow_caret_down<br>",
			"&nbsp;<?= view('icon/arrow_chevron_compact_down');?>&nbsp;icon/arrow_chevron_compact_down<br>",
			"&nbsp;<?= view('icon/arrow_chevron_double_down');?>&nbsp;icon/arrow_chevron_double_down<br>",
			"&nbsp;<?= view('icon/arrow_down_short');?>&nbsp;icon/arrow_down_short<br>",
			"&nbsp;<?= view('icon/arrow_layer_backward');?>&nbsp;icon/arrow_layer_backward<br>",
			"&nbsp;<?= view('icon/arrow_repeat');?>&nbsp;icon/arrow_repeat<br>",
			"&nbsp;<?= view('icon/arrow_reply_fill');?>&nbsp;icon/arrow_reply_fill<br>",
			"&nbsp;<?= view('icon/asterisco_papel');?>&nbsp;icon/asterisco_papel<br>",
			"&nbsp;<?= view('icon/award_fill');?>&nbsp;icon/award_fill<br>",
			"&nbsp;<?= view('icon/bookmark_check_fill');?>&nbsp;icon/bookmark_check_fill<br>",
			"&nbsp;<?= view('icon/calendar3');?>&nbsp;icon/calendar3<br>",
			"&nbsp;<?= view('icon/check2_square');?>&nbsp;icon/check2_square<br>",
			"&nbsp;<?= view('icon/check_circle_fill');?>&nbsp;icon/check_circle_fill<br>",
			"&nbsp;<?= view('icon/clipboard2');?>&nbsp;icon/clipboard2<br>",
			"&nbsp;<?= view('icon/clipboard2_x_fill');?>&nbsp;icon/clipboard2_x_fill<br>",
			"&nbsp;<?= view('icon/clock');?>&nbsp;icon/clock<br>",
			"&nbsp;<?= view('icon/dash_square');?>&nbsp;icon/dash_square<br>",
			"&nbsp;<?= view('icon/dash_square_2');?>&nbsp;icon/dash_square_2<br>",
			"&nbsp;<?= view('icon/database_dash');?>&nbsp;icon/database_dash<br>",
			"&nbsp;<?= view('icon/database_dash_2');?>&nbsp;icon/database_dash_2<br>",
			"&nbsp;<?= view('icon/database_x');?>&nbsp;icon/database_x<br>",
			"&nbsp;<?= view('icon/database_x_2');?>&nbsp;icon/database_x_2<br>",
			"&nbsp;<?= view('icon/door_open');?>&nbsp;icon/door_open<br>",
			"&nbsp;<?= view('icon/emoji_frown_fill');?>&nbsp;icon/emoji_frown_fill<br>",
			"&nbsp;<?= view('icon/emoji_neutral_fill');?>&nbsp;icon/emoji_neutral_fill<br>",
			"&nbsp;<?= view('icon/emoji_smile_fill');?>&nbsp;icon/emoji_smile_fill<br>",
			"&nbsp;<?= view('icon/eye');?>&nbsp;icon/eye<br>",
			"&nbsp;<?= view('icon/file_earmark_excel');?>&nbsp;icon/file_earmark_excel<br>",
			"&nbsp;<?= view('icon/file_earmark_excel_2');?>&nbsp;icon/file_earmark_excel_2<br>",
			"&nbsp;<?= view('icon/file_earmark_minus');?>&nbsp;icon/file_earmark_minus<br>",
			"&nbsp;<?= view('icon/file_earmark_minus_2');?>&nbsp;icon/file_earmark_minus_2<br>",
			"&nbsp;<?= view('icon/file_minus');?>&nbsp;icon/file_minus<br>",
			"&nbsp;<?= view('icon/file_minus_2');?>&nbsp;icon/file_minus_2<br>",
			"&nbsp;<?= view('icon/filetype_key');?>&nbsp;icon/filetype_key<br>",
			"&nbsp;<?= view('icon/fingerprint');?>&nbsp;icon/fingerprint<br>",
			"&nbsp;<?= view('icon/folder_minus');?>&nbsp;icon/folder_minus<br>",
			"&nbsp;<?= view('icon/globe');?>&nbsp;icon/globe<br>",
			"&nbsp;<?= view('icon/house_door');?>&nbsp;icon/house_door<br>",
			"&nbsp;<?= view('icon/house_exclamation_fill');?>&nbsp;icon/house_exclamation_fill<br>",
			"&nbsp;<?= view('icon/jornal');?>&nbsp;icon/jornal<br>",
			"&nbsp;<?= view('icon/jornal_array_down');?>&nbsp;icon/jornal_array_down<br>",
			"&nbsp;<?= view('icon/jornal_array_up');?>&nbsp;icon/jornal_array_up<br>",
			"&nbsp;<?= view('icon/journal_minus');?>&nbsp;icon/journal_minus<br>",
			"&nbsp;<?= view('icon/journal_plus');?>&nbsp;icon/journal_plus<br>",
			"&nbsp;<?= view('icon/key');?>&nbsp;icon/key<br>",
			"&nbsp;<?= view('icon/keyII');?>&nbsp;icon/keyII<br>",
			"&nbsp;<?= view('icon/list_task');?>&nbsp;icon/list_task<br>",
			"&nbsp;<?= view('icon/lista_menu');?>&nbsp;icon/lista_menu<br>",
			"&nbsp;<?= view('icon/mail_check');?>&nbsp;icon/mail_check<br>",
			"&nbsp;<?= view('icon/paperclip');?>&nbsp;icon/paperclip<br>",
			"&nbsp;<?= view('icon/pencil_square');?>&nbsp;icon/pencil_square<br>",
			"&nbsp;<?= view('icon/people');?>&nbsp;icon/people<br>",
			"&nbsp;<?= view('icon/peopleII');?>&nbsp;icon/peopleII<br>",
			"&nbsp;<?= view('icon/peopleIII');?>&nbsp;icon/peopleIII<br>",
			"&nbsp;<?= view('icon/person_fill_check');?>&nbsp;icon/person_fill_check<br>",
			"&nbsp;<?= view('icon/person_fill_slash');?>&nbsp;icon/person_fill_slash<br>",
			"&nbsp;<?= view('icon/plus');?>&nbsp;icon/plus<br>",
			"&nbsp;<?= view('icon/printer');?>&nbsp;icon/printer<br>",
			"&nbsp;<?= view('icon/printer_fill');?>&nbsp;icon/printer_fill<br>",
			"&nbsp;<?= view('icon/question_circle');?>&nbsp;icon/question_circle<br>",
			"&nbsp;<?= view('icon/question_circle2');?>&nbsp;icon/question_circle2<br>",
			"&nbsp;<?= view('icon/script');?>&nbsp;icon/script<br>",
			"&nbsp;<?= view('icon/search');?>&nbsp;icon/search<br>",
			"&nbsp;<?= view('icon/seta_direita');?>&nbsp;icon/seta_direita<br>",
			"&nbsp;<?= view('icon/sliders2_vertical');?>&nbsp;icon/sliders2_vertical<br>",
			"&nbsp;<?= view('icon/telephone');?>&nbsp;icon/telephone<br>",
			"&nbsp;<?= view('icon/trash');?>&nbsp;icon/trash<br>",
			"&nbsp;<?= view('icon/ui_checks');?>&nbsp;icon/ui_checks<br>",
			"&nbsp;<?= view('icon/upload');?>&nbsp;icon/upload<br>",
			"&nbsp;<?= view('icon/view');?>&nbsp;icon/view<br>",
			"&nbsp;<?= view('icon/x');?>&nbsp;icon/x<br>",
			"&nbsp;<?= view('icon/x_2');?>&nbsp;icon/x_2<br>"
		],
		"description": "Icones com botões no Bootstrap"
	}, 
	"on-iframe": {
		"prefix": "on-iframe",
		"body": [
			"<!--IFRAME-->",
            "<iframe frameborder=\"0\" scrolling=\"no\" class=\"mw-400\" style=\"height: 500px; width: 500px;\" src=\"<?= base_url() . '/index.php/'; ?>\" title=\"iFrame\"></iframe>",
            "<!--IFRAME-->"
		],
		"description": "Modelo"
	}, 
	"on-smiley_emoji": {
		"prefix": "on-smiley_emoji",
		"body": [
			"&#8986; &nbsp; &#231A;",
			"&#8987; &nbsp; &#231B;",
			"&#9193; &nbsp; &#23000000000;",
			"&#9194; &nbsp; &#23EA;",
			"&#9195; &nbsp; &#23EB;",
			"&#9196; &nbsp; &#23EC;",
			"&#9197; &nbsp; &#23ED;",
			"&#9198; &nbsp; &#23EE;",
			"&#9199; &nbsp; &#23EF;",
			"&#9200; &nbsp; &#23F0;",
			"&#9201; &nbsp; &#23F1;",
			"&#9202; &nbsp; &#23F2;",
			"&#9203; &nbsp; &#23F3;",
			"&#9208; &nbsp; &#23F8;",
			"&#9209; &nbsp; &#23F9;",
			"&#9210; &nbsp; &#23FA;",
			"&#9410; &nbsp; &#24C2;",
			"&#9748; &nbsp; &#2614;",
			"&#9749; &nbsp; &#2615;",
			"&#9757; &nbsp; &#261D;",
			"&#9800; &nbsp; &#2648;",
			"&#9801; &nbsp; &#2649;",
			"&#9802; &nbsp; &#264A;",
			"&#9803; &nbsp; &#264B;",
			"&#9804; &nbsp; &#264C;",
			"&#9805; &nbsp; &#264D;",
			"&#9806; &nbsp; &#264E;",
			"&#9807; &nbsp; &#264F;",
			"&#9808; &nbsp; &#2650;",
			"&#9809; &nbsp; &#2651;",
			"&#9810; &nbsp; &#2652;",
			"&#9811; &nbsp; &#2653;",
			"&#9823; &nbsp; &#265F;",
			"&#9855; &nbsp; &#267F;",
			"&#9875; &nbsp; &#2693;",
			"&#9889; &nbsp; &#26A1;",
			"&#9898; &nbsp; &#26AA;",
			"&#9899; &nbsp; &#26AB;",
			"&#9917; &nbsp; &#26BD;",
			"&#9918; &nbsp; &#26BE;",
			"&#9924; &nbsp; &#26C4;",
			"&#9925; &nbsp; &#26C5;",
			"&#9934; &nbsp; &#26CE;",
			"&#9935; &nbsp; &#26CF;",
			"&#9937; &nbsp; &#26D1;",
			"&#9939; &nbsp; &#26D3;",
			"&#9940; &nbsp; &#26D4;",
			"&#9961; &nbsp; &#26000000000;",
			"&#9962; &nbsp; &#26EA;",
			"&#9968; &nbsp; &#26F0;",
			"&#9969; &nbsp; &#26F1;",
			"&#9970; &nbsp; &#26F2;",
			"&#9971; &nbsp; &#26F3;",
			"&#9972; &nbsp; &#26F4;",
			"&#9973; &nbsp; &#26F5;",
			"&#9975; &nbsp; &#26F7;",
			"&#9976; &nbsp; &#26F8;",
			"&#9977; &nbsp; &#26F9;",
			"&#9978; &nbsp; &#26FA;",
			"&#9981; &nbsp; &#26FD;",
			"&#9986; &nbsp; &#2702;",
			"&#9989; &nbsp; &#2705;",
			"&#9992; &nbsp; &#2708;",
			"&#9993; &nbsp; &#2709;",
			"&#9994; &nbsp; &#270A;",
			"&#9995; &nbsp; &#270B;",
			"&#9996; &nbsp; &#270C;",
			"&#9997; &nbsp; &#270D;",
			"&#9999; &nbsp; &#270F;",
			"&#10002; &nbsp; &#2712;",
			"&#10004; &nbsp; &#2714;",
			"&#10006; &nbsp; &#2716;",
			"&#10013; &nbsp; &#271D;",
			"&#10017; &nbsp; &#2721;",
			"&#10024; &nbsp; &#2728;",
			"&#10035; &nbsp; &#2733;",
			"&#10036; &nbsp; &#2734;",
			"&#10052; &nbsp; &#2744;",
			"&#10055; &nbsp; &#2747;",
			"&#10060; &nbsp; &#274C;",
			"&#10062; &nbsp; &#274E;",
			"&#10067; &nbsp; &#2753;",
			"&#10068; &nbsp; &#2754;",
			"&#10069; &nbsp; &#2755;",
			"&#10071; &nbsp; &#2757;",
			"&#10083; &nbsp; &#2763;",
			"&#10084; &nbsp; &#2764;",
			"&#10133; &nbsp; &#2795;",
			"&#10134; &nbsp; &#2796;",
			"&#10135; &nbsp; &#2797;",
			"&#10145; &nbsp; &#27A1;",
			"&#10160; &nbsp; &#27B0;",
			"&#10175; &nbsp; &#27BF;",
			"&#10548; &nbsp; &#2934;",
			"&#10549; &nbsp; &#2935;",
			"&#11013; &nbsp; &#2B05;",
			"&#11014; &nbsp; &#2B06;",
			"&#11015; &nbsp; &#2B07;",
			"&#11035; &nbsp; &#2B1B;",
			"&#11036; &nbsp; &#2B1C;",
			"&#11088; &nbsp; &#2B50;",
			"&#11093; &nbsp; &#2B55;",
			"&#12336; &nbsp; &#3030;",
			"&#12349; &nbsp; &#303D;",
			"&#12951; &nbsp; &#3297;",
			"&#12953; &nbsp; &#3299;",
			"&#126980; &nbsp; &#1F004;",
			"&#127183; &nbsp; &#1F0CF;",
			"&#127344; &nbsp; &#1F170;",
			"&#127345; &nbsp; &#1F171;",
			"&#127358; &nbsp; &#1F17E;",
			"&#127359; &nbsp; &#1F17F;",
			"&#127374; &nbsp; &#1F18E;",
			"&#127377; &nbsp; &#1F191;",
			"&#127378; &nbsp; &#1F192;",
			"&#127379; &nbsp; &#1F193;",
			"&#127380; &nbsp; &#1F194;",
			"&#127381; &nbsp; &#1F195;",
			"&#127382; &nbsp; &#1F196;",
			"&#127383; &nbsp; &#1F197;",
			"&#127384; &nbsp; &#1F198;",
			"&#127385; &nbsp; &#1F199;",
			"&#127386; &nbsp; &#1F19A;",
			"&#127489; &nbsp; &#1F201;",
			"&#127490; &nbsp; &#1F202;",
			"&#127514; &nbsp; &#1F21A;",
			"&#127535; &nbsp; &#1F22F;",
			"&#127538; &nbsp; &#1F232;",
			"&#127539; &nbsp; &#1F233;",
			"&#127540; &nbsp; &#1F234;",
			"&#127541; &nbsp; &#1F235;",
			"&#127542; &nbsp; &#1F236;",
			"&#127543; &nbsp; &#1F237;",
			"&#127544; &nbsp; &#1F238;",
			"&#127545; &nbsp; &#1F239;",
			"&#127546; &nbsp; &#1F23A;",
			"&#127568; &nbsp; &#1F250;",
			"&#127569; &nbsp; &#1F251;",
			"&#127744; &nbsp; &#1F300;",
			"&#127745; &nbsp; &#1F301;",
			"&#127746; &nbsp; &#1F302;",
			"&#127747; &nbsp; &#1F303;",
			"&#127748; &nbsp; &#1F304;",
			"&#127749; &nbsp; &#1F305;",
			"&#127750; &nbsp; &#1F306;",
			"&#127751; &nbsp; &#1F307;",
			"&#127752; &nbsp; &#1F308;",
			"&#127753; &nbsp; &#1F309;",
			"&#127754; &nbsp; &#1F30A;",
			"&#127755; &nbsp; &#1F30B;",
			"&#127756; &nbsp; &#1F30C;",
			"&#127757; &nbsp; &#1F30D;",
			"&#127758; &nbsp; &#1F30E;",
			"&#127759; &nbsp; &#1F30F;",
			"&#127760; &nbsp; &#1F310;",
			"&#127761; &nbsp; &#1F311;",
			"&#127762; &nbsp; &#1F312;",
			"&#127763; &nbsp; &#1F313;",
			"&#127764; &nbsp; &#1F314;",
			"&#127765; &nbsp; &#1F315;",
			"&#127766; &nbsp; &#1F316;",
			"&#127767; &nbsp; &#1F317;",
			"&#127768; &nbsp; &#1F318;",
			"&#127769; &nbsp; &#1F319;",
			"&#127770; &nbsp; &#1F31A;",
			"&#127771; &nbsp; &#1F31B;",
			"&#127772; &nbsp; &#1F31C;",
			"&#127773; &nbsp; &#1F31D;",
			"&#127774; &nbsp; &#1F31E;",
			"&#127775; &nbsp; &#1F31F;",
			"&#127776; &nbsp; &#1F320;",
			"&#127777; &nbsp; &#1F321;",
			"&#127780; &nbsp; &#1F324;",
			"&#127781; &nbsp; &#1F325;",
			"&#127782; &nbsp; &#1F326;",
			"&#127783; &nbsp; &#1F327;",
			"&#127784; &nbsp; &#1F328;",
			"&#127785; &nbsp; &#1F329;",
			"&#127786; &nbsp; &#1F32A;",
			"&#127787; &nbsp; &#1F32B;",
			"&#127788; &nbsp; &#1F32C;",
			"&#127789; &nbsp; &#1F32D;",
			"&#127790; &nbsp; &#1F32E;",
			"&#127791; &nbsp; &#1F32F;",
			"&#127792; &nbsp; &#1F330;",
			"&#127793; &nbsp; &#1F331;",
			"&#127794; &nbsp; &#1F332;",
			"&#127795; &nbsp; &#1F333;",
			"&#127796; &nbsp; &#1F334;",
			"&#127797; &nbsp; &#1F335;",
			"&#127798; &nbsp; &#1F336;",
			"&#127799; &nbsp; &#1F337;",
			"&#127800; &nbsp; &#1F338;",
			"&#127801; &nbsp; &#1F339;",
			"&#127802; &nbsp; &#1F33A;",
			"&#127803; &nbsp; &#1F33B;",
			"&#127804; &nbsp; &#1F33C;",
			"&#127805; &nbsp; &#1F33D;",
			"&#127806; &nbsp; &#1F33E;",
			"&#127807; &nbsp; &#1F33F;",
			"&#127808; &nbsp; &#1F340;",
			"&#127809; &nbsp; &#1F341;",
			"&#127810; &nbsp; &#1F342;",
			"&#127811; &nbsp; &#1F343;",
			"&#127812; &nbsp; &#1F344;",
			"&#127813; &nbsp; &#1F345;",
			"&#127814; &nbsp; &#1F346;",
			"&#127815; &nbsp; &#1F347;",
			"&#127816; &nbsp; &#1F348;",
			"&#127817; &nbsp; &#1F349;",
			"&#127818; &nbsp; &#1F34A;",
			"&#127819; &nbsp; &#1F34B;",
			"&#127820; &nbsp; &#1F34C;",
			"&#127821; &nbsp; &#1F34D;",
			"&#127822; &nbsp; &#1F34E;",
			"&#127823; &nbsp; &#1F34F;",
			"&#127824; &nbsp; &#1F350;",
			"&#127825; &nbsp; &#1F351;",
			"&#127826; &nbsp; &#1F352;",
			"&#127827; &nbsp; &#1F353;",
			"&#127828; &nbsp; &#1F354;",
			"&#127829; &nbsp; &#1F355;",
			"&#127830; &nbsp; &#1F356;",
			"&#127831; &nbsp; &#1F357;",
			"&#127832; &nbsp; &#1F358;",
			"&#127833; &nbsp; &#1F359;",
			"&#127834; &nbsp; &#1F35A;",
			"&#127835; &nbsp; &#1F35B;",
			"&#127836; &nbsp; &#1F35C;",
			"&#127837; &nbsp; &#1F35D;",
			"&#127838; &nbsp; &#1F35E;",
			"&#127839; &nbsp; &#1F35F;",
			"&#127840; &nbsp; &#1F360;",
			"&#127841; &nbsp; &#1F361;",
			"&#127842; &nbsp; &#1F362;",
			"&#127843; &nbsp; &#1F363;",
			"&#127844; &nbsp; &#1F364;",
			"&#127845; &nbsp; &#1F365;",
			"&#127846; &nbsp; &#1F366;",
			"&#127847; &nbsp; &#1F367;",
			"&#127848; &nbsp; &#1F368;",
			"&#127849; &nbsp; &#1F369;",
			"&#127850; &nbsp; &#1F36A;",
			"&#127851; &nbsp; &#1F36B;",
			"&#127852; &nbsp; &#1F36C;",
			"&#127853; &nbsp; &#1F36D;",
			"&#127854; &nbsp; &#1F36E;",
			"&#127855; &nbsp; &#1F36F;",
			"&#127856; &nbsp; &#1F370;",
			"&#127857; &nbsp; &#1F371;",
			"&#127858; &nbsp; &#1F372;",
			"&#127859; &nbsp; &#1F373;",
			"&#127860; &nbsp; &#1F374;",
			"&#127861; &nbsp; &#1F375;",
			"&#127862; &nbsp; &#1F376;",
			"&#127863; &nbsp; &#1F377;",
			"&#127864; &nbsp; &#1F378;",
			"&#127865; &nbsp; &#1F379;",
			"&#127866; &nbsp; &#1F37A;",
			"&#127867; &nbsp; &#1F37B;",
			"&#127868; &nbsp; &#1F37C;",
			"&#127869; &nbsp; &#1F37D;",
			"&#127870; &nbsp; &#1F37E;",
			"&#127871; &nbsp; &#1F37F;",
			"&#127872; &nbsp; &#1F380;",
			"&#127873; &nbsp; &#1F381;",
			"&#127874; &nbsp; &#1F382;",
			"&#127875; &nbsp; &#1F383;",
			"&#127876; &nbsp; &#1F384;",
			"&#127877; &nbsp; &#1F385;",
			"&#127878; &nbsp; &#1F386;",
			"&#127879; &nbsp; &#1F387;",
			"&#127880; &nbsp; &#1F388;",
			"&#127881; &nbsp; &#1F389;",
			"&#127882; &nbsp; &#1F38A;",
			"&#127883; &nbsp; &#1F38B;",
			"&#127884; &nbsp; &#1F38C;",
			"&#127885; &nbsp; &#1F38D;",
			"&#127886; &nbsp; &#1F38E;",
			"&#127887; &nbsp; &#1F38F;",
			"&#127888; &nbsp; &#1F390;",
			"&#127889; &nbsp; &#1F391;",
			"&#127890; &nbsp; &#1F392;",
			"&#127891; &nbsp; &#1F393;",
			"&#127894; &nbsp; &#1F396;",
			"&#127895; &nbsp; &#1F397;",
			"&#127897; &nbsp; &#1F399;",
			"&#127898; &nbsp; &#1F39A;",
			"&#127899; &nbsp; &#1F39B;",
			"&#127902; &nbsp; &#1F39E;",
			"&#127903; &nbsp; &#1F39F;",
			"&#127904; &nbsp; &#1F3A0;",
			"&#127905; &nbsp; &#1F3A1;",
			"&#127906; &nbsp; &#1F3A2;",
			"&#127907; &nbsp; &#1F3A3;",
			"&#127908; &nbsp; &#1F3A4;",
			"&#127909; &nbsp; &#1F3A5;",
			"&#127910; &nbsp; &#1F3A6;",
			"&#127911; &nbsp; &#1F3A7;",
			"&#127912; &nbsp; &#1F3A8;",
			"&#127913; &nbsp; &#1F3A9;",
			"&#127914; &nbsp; &#1F3AA;",
			"&#127915; &nbsp; &#1F3AB;",
			"&#127916; &nbsp; &#1F3AC;",
			"&#127917; &nbsp; &#1F3AD;",
			"&#127918; &nbsp; &#1F3AE;",
			"&#127919; &nbsp; &#1F3AF;",
			"&#127920; &nbsp; &#1F3B0;",
			"&#127921; &nbsp; &#1F3B1;",
			"&#127922; &nbsp; &#1F3B2;",
			"&#127923; &nbsp; &#1F3B3;",
			"&#127924; &nbsp; &#1F3B4;",
			"&#127925; &nbsp; &#1F3B5;",
			"&#127926; &nbsp; &#1F3B6;",
			"&#127927; &nbsp; &#1F3B7;",
			"&#127928; &nbsp; &#1F3B8;",
			"&#127929; &nbsp; &#1F3B9;",
			"&#127930; &nbsp; &#1F3BA;",
			"&#127931; &nbsp; &#1F3BB;",
			"&#127932; &nbsp; &#1F3BC;",
			"&#127933; &nbsp; &#1F3BD;",
			"&#127934; &nbsp; &#1F3BE;",
			"&#127935; &nbsp; &#1F3BF;",
			"&#127936; &nbsp; &#1F3C0;",
			"&#127937; &nbsp; &#1F3C1;",
			"&#127938; &nbsp; &#1F3C2;",
			"&#127939; &nbsp; &#1F3C3;",
			"&#127940; &nbsp; &#1F3C4;",
			"&#127941; &nbsp; &#1F3C5;",
			"&#127942; &nbsp; &#1F3C6;",
			"&#127943; &nbsp; &#1F3C7;",
			"&#127944; &nbsp; &#1F3C8;",
			"&#127945; &nbsp; &#1F3C9;",
			"&#127946; &nbsp; &#1F3CA;",
			"&#127947; &nbsp; &#1F3CB;",
			"&#127948; &nbsp; &#1F3CC;",
			"&#127949; &nbsp; &#1F3CD;",
			"&#127950; &nbsp; &#1F3CE;",
			"&#127951; &nbsp; &#1F3CF;",
			"&#127952; &nbsp; &#1F3D0;",
			"&#127953; &nbsp; &#1F3D1;",
			"&#127954; &nbsp; &#1F3D2;",
			"&#127955; &nbsp; &#1F3D3;",
			"&#127956; &nbsp; &#1F3D4;",
			"&#127957; &nbsp; &#1F3D5;",
			"&#127958; &nbsp; &#1F3D6;",
			"&#127959; &nbsp; &#1F3D7;",
			"&#127960; &nbsp; &#1F3D8;",
			"&#127961; &nbsp; &#1F3D9;",
			"&#127962; &nbsp; &#1F3DA;",
			"&#127963; &nbsp; &#1F3DB;",
			"&#127964; &nbsp; &#1F3DC;",
			"&#127965; &nbsp; &#1F3DD;",
			"&#127966; &nbsp; &#1F3DE;",
			"&#127967; &nbsp; &#1F3DF;",
			"&#127968; &nbsp; &#1F3E0;",
			"&#127969; &nbsp; &#1F3E1;",
			"&#127970; &nbsp; &#1F3E2;",
			"&#127971; &nbsp; &#1F3E3;",
			"&#127972; &nbsp; &#1F3E4;",
			"&#127973; &nbsp; &#1F3E5;",
			"&#127974; &nbsp; &#1F3E6;",
			"&#127975; &nbsp; &#1F3E7;",
			"&#127976; &nbsp; &#1F3E8;",
			"&#127977; &nbsp; &#1F3E9;",
			"&#127978; &nbsp; &#1F3EA;",
			"&#127979; &nbsp; &#1F3EB;",
			"&#127980; &nbsp; &#1F3EC;",
			"&#127981; &nbsp; &#1F3ED;",
			"&#127982; &nbsp; &#1F3EE;",
			"&#127983; &nbsp; &#1F3EF;",
			"&#127984; &nbsp; &#1F3F0;",
			"&#127987; &nbsp; &#1F3F3;",
			"&#127988; &nbsp; &#1F3F4;",
			"&#127989; &nbsp; &#1F3F5;",
			"&#127991; &nbsp; &#1F3F7;",
			"&#127992; &nbsp; &#1F3F8;",
			"&#127993; &nbsp; &#1F3F9;",
			"&#127994; &nbsp; &#1F3FA;",
			"&#127995; &nbsp; &#1F3FB;",
			"&#127996; &nbsp; &#1F3FC;",
			"&#127997; &nbsp; &#1F3FD;",
			"&#127998; &nbsp; &#1F3FE;",
			"&#127999; &nbsp; &#1F3FF;",
			"&#128000; &nbsp; &#1F400;",
			"&#128001; &nbsp; &#1F401;",
			"&#128002; &nbsp; &#1F402;",
			"&#128003; &nbsp; &#1F403;",
			"&#128004; &nbsp; &#1F404;",
			"&#128005; &nbsp; &#1F405;",
			"&#128006; &nbsp; &#1F406;",
			"&#128007; &nbsp; &#1F407;",
			"&#128008; &nbsp; &#1F408;",
			"&#128009; &nbsp; &#1F409;",
			"&#128010; &nbsp; &#1F40A;",
			"&#128011; &nbsp; &#1F40B;",
			"&#128012; &nbsp; &#1F40C;",
			"&#128013; &nbsp; &#1F40D;",
			"&#128014; &nbsp; &#1F40E;",
			"&#128015; &nbsp; &#1F40F;",
			"&#128016; &nbsp; &#1F410;",
			"&#128017; &nbsp; &#1F411;",
			"&#128018; &nbsp; &#1F412;",
			"&#128019; &nbsp; &#1F413;",
			"&#128020; &nbsp; &#1F414;",
			"&#128021; &nbsp; &#1F415;",
			"&#128022; &nbsp; &#1F416;",
			"&#128023; &nbsp; &#1F417;",
			"&#128024; &nbsp; &#1F418;",
			"&#128025; &nbsp; &#1F419;",
			"&#128026; &nbsp; &#1F41A;",
			"&#128027; &nbsp; &#1F41B;",
			"&#128028; &nbsp; &#1F41C;",
			"&#128029; &nbsp; &#1F41D;",
			"&#128030; &nbsp; &#1F41E;",
			"&#128031; &nbsp; &#1F41F;",
			"&#128032; &nbsp; &#1F420;",
			"&#128033; &nbsp; &#1F421;",
			"&#128034; &nbsp; &#1F422;",
			"&#128035; &nbsp; &#1F423;",
			"&#128036; &nbsp; &#1F424;",
			"&#128037; &nbsp; &#1F425;",
			"&#128038; &nbsp; &#1F426;",
			"&#128039; &nbsp; &#1F427;",
			"&#128040; &nbsp; &#1F428;",
			"&#128041; &nbsp; &#1F429;",
			"&#128042; &nbsp; &#1F42A;",
			"&#128043; &nbsp; &#1F42B;",
			"&#128044; &nbsp; &#1F42C;",
			"&#128045; &nbsp; &#1F42D;",
			"&#128046; &nbsp; &#1F42E;",
			"&#128047; &nbsp; &#1F42F;",
			"&#128048; &nbsp; &#1F430;",
			"&#128049; &nbsp; &#1F431;",
			"&#128050; &nbsp; &#1F432;",
			"&#128051; &nbsp; &#1F433;",
			"&#128052; &nbsp; &#1F434;",
			"&#128053; &nbsp; &#1F435;",
			"&#128054; &nbsp; &#1F436;",
			"&#128055; &nbsp; &#1F437;",
			"&#128056; &nbsp; &#1F438;",
			"&#128057; &nbsp; &#1F439;",
			"&#128058; &nbsp; &#1F43A;",
			"&#128059; &nbsp; &#1F43B;",
			"&#128060; &nbsp; &#1F43C;",
			"&#128061; &nbsp; &#1F43D;",
			"&#128062; &nbsp; &#1F43E;",
			"&#128063; &nbsp; &#1F43F;",
			"&#128064; &nbsp; &#1F440;",
			"&#128065; &nbsp; &#1F441;",
			"&#128066; &nbsp; &#1F442;",
			"&#128067; &nbsp; &#1F443;",
			"&#128068; &nbsp; &#1F444;",
			"&#128069; &nbsp; &#1F445;",
			"&#128070; &nbsp; &#1F446;",
			"&#128071; &nbsp; &#1F447;",
			"&#128072; &nbsp; &#1F448;",
			"&#128073; &nbsp; &#1F449;",
			"&#128074; &nbsp; &#1F44A;",
			"&#128075; &nbsp; &#1F44B;",
			"&#128076; &nbsp; &#1F44C;",
			"&#128077; &nbsp; &#1F44D;",
			"&#128078; &nbsp; &#1F44E;",
			"&#128079; &nbsp; &#1F44F;",
			"&#128080; &nbsp; &#1F450;",
			"&#128081; &nbsp; &#1F451;",
			"&#128082; &nbsp; &#1F452;",
			"&#128083; &nbsp; &#1F453;",
			"&#128084; &nbsp; &#1F454;",
			"&#128085; &nbsp; &#1F455;",
			"&#128086; &nbsp; &#1F456;",
			"&#128087; &nbsp; &#1F457;",
			"&#128088; &nbsp; &#1F458;",
			"&#128089; &nbsp; &#1F459;",
			"&#128090; &nbsp; &#1F45A;",
			"&#128091; &nbsp; &#1F45B;",
			"&#128092; &nbsp; &#1F45C;",
			"&#128093; &nbsp; &#1F45D;",
			"&#128094; &nbsp; &#1F45E;",
			"&#128095; &nbsp; &#1F45F;",
			"&#128096; &nbsp; &#1F460;",
			"&#128097; &nbsp; &#1F461;",
			"&#128098; &nbsp; &#1F462;",
			"&#128099; &nbsp; &#1F463;",
			"&#128100; &nbsp; &#1F464;",
			"&#128101; &nbsp; &#1F465;",
			"&#128102; &nbsp; &#1F466;",
			"&#128103; &nbsp; &#1F467;",
			"&#128104; &nbsp; &#1F468;",
			"&#128105; &nbsp; &#1F469;",
			"&#128106; &nbsp; &#1F46A;",
			"&#128107; &nbsp; &#1F46B;",
			"&#128108; &nbsp; &#1F46C;",
			"&#128109; &nbsp; &#1F46D;",
			"&#128110; &nbsp; &#1F46E;",
			"&#128111; &nbsp; &#1F46F;",
			"&#128112; &nbsp; &#1F470;",
			"&#128113; &nbsp; &#1F471;",
			"&#128114; &nbsp; &#1F472;",
			"&#128115; &nbsp; &#1F473;",
			"&#128116; &nbsp; &#1F474;",
			"&#128117; &nbsp; &#1F475;",
			"&#128118; &nbsp; &#1F476;",
			"&#128119; &nbsp; &#1F477;",
			"&#128120; &nbsp; &#1F478;",
			"&#128121; &nbsp; &#1F479;",
			"&#128122; &nbsp; &#1F47A;",
			"&#128123; &nbsp; &#1F47B;",
			"&#128124; &nbsp; &#1F47C;",
			"&#128125; &nbsp; &#1F47D;",
			"&#128126; &nbsp; &#1F47E;",
			"&#128127; &nbsp; &#1F47F;",
			"&#128128; &nbsp; &#1F480;",
			"&#128129; &nbsp; &#1F481;",
			"&#128130; &nbsp; &#1F482;",
			"&#128131; &nbsp; &#1F483;",
			"&#128132; &nbsp; &#1F484;",
			"&#128133; &nbsp; &#1F485;",
			"&#128134; &nbsp; &#1F486;",
			"&#128135; &nbsp; &#1F487;",
			"&#128136; &nbsp; &#1F488;",
			"&#128137; &nbsp; &#1F489;",
			"&#128138; &nbsp; &#1F48A;",
			"&#128139; &nbsp; &#1F48B;",
			"&#128140; &nbsp; &#1F48C;",
			"&#128141; &nbsp; &#1F48D;",
			"&#128142; &nbsp; &#1F48E;",
			"&#128143; &nbsp; &#1F48F;",
			"&#128144; &nbsp; &#1F490;",
			"&#128145; &nbsp; &#1F491;",
			"&#128146; &nbsp; &#1F492;",
			"&#128147; &nbsp; &#1F493;",
			"&#128148; &nbsp; &#1F494;",
			"&#128149; &nbsp; &#1F495;",
			"&#128150; &nbsp; &#1F496;",
			"&#128151; &nbsp; &#1F497;",
			"&#128152; &nbsp; &#1F498;",
			"&#128153; &nbsp; &#1F499;",
			"&#128154; &nbsp; &#1F49A;",
			"&#128155; &nbsp; &#1F49B;",
			"&#128156; &nbsp; &#1F49C;",
			"&#128157; &nbsp; &#1F49D;",
			"&#128158; &nbsp; &#1F49E;",
			"&#128159; &nbsp; &#1F49F;",
			"&#128160; &nbsp; &#1F4A0;",
			"&#128161; &nbsp; &#1F4A1;",
			"&#128162; &nbsp; &#1F4A2;",
			"&#128163; &nbsp; &#1F4A3;",
			"&#128164; &nbsp; &#1F4A4;",
			"&#128165; &nbsp; &#1F4A5;",
			"&#128166; &nbsp; &#1F4A6;",
			"&#128167; &nbsp; &#1F4A7;",
			"&#128168; &nbsp; &#1F4A8;",
			"&#128169; &nbsp; &#1F4A9;",
			"&#128170; &nbsp; &#1F4AA;",
			"&#128171; &nbsp; &#1F4AB;",
			"&#128172; &nbsp; &#1F4AC;",
			"&#128173; &nbsp; &#1F4AD;",
			"&#128174; &nbsp; &#1F4AE;",
			"&#128175; &nbsp; &#1F4AF;",
			"&#128176; &nbsp; &#1F4B0;",
			"&#128177; &nbsp; &#1F4B1;",
			"&#128178; &nbsp; &#1F4B2;",
			"&#128179; &nbsp; &#1F4B3;",
			"&#128180; &nbsp; &#1F4B4;",
			"&#128181; &nbsp; &#1F4B5;",
			"&#128182; &nbsp; &#1F4B6;",
			"&#128183; &nbsp; &#1F4B7;",
			"&#128184; &nbsp; &#1F4B8;",
			"&#128185; &nbsp; &#1F4B9;",
			"&#128186; &nbsp; &#1F4BA;",
			"&#128187; &nbsp; &#1F4BB;",
			"&#128188; &nbsp; &#1F4BC;",
			"&#128189; &nbsp; &#1F4BD;",
			"&#128190; &nbsp; &#1F4BE;",
			"&#128191; &nbsp; &#1F4BF;",
			"&#128192; &nbsp; &#1F4C0;",
			"&#128193; &nbsp; &#1F4C1;",
			"&#128194; &nbsp; &#1F4C2;",
			"&#128195; &nbsp; &#1F4C3;",
			"&#128196; &nbsp; &#1F4C4;",
			"&#128197; &nbsp; &#1F4C5;",
			"&#128198; &nbsp; &#1F4C6;",
			"&#128199; &nbsp; &#1F4C7;",
			"&#128200; &nbsp; &#1F4C8;",
			"&#128201; &nbsp; &#1F4C9;",
			"&#128202; &nbsp; &#1F4CA;",
			"&#128203; &nbsp; &#1F4CB;",
			"&#128204; &nbsp; &#1F4CC;",
			"&#128205; &nbsp; &#1F4CD;",
			"&#128206; &nbsp; &#1F4CE;",
			"&#128207; &nbsp; &#1F4CF;",
			"&#128208; &nbsp; &#1F4D0;",
			"&#128209; &nbsp; &#1F4D1;",
			"&#128210; &nbsp; &#1F4D2;",
			"&#128211; &nbsp; &#1F4D3;",
			"&#128212; &nbsp; &#1F4D4;",
			"&#128213; &nbsp; &#1F4D5;",
			"&#128214; &nbsp; &#1F4D6;",
			"&#128215; &nbsp; &#1F4D7;",
			"&#128216; &nbsp; &#1F4D8;",
			"&#128217; &nbsp; &#1F4D9;",
			"&#128218; &nbsp; &#1F4DA;",
			"&#128219; &nbsp; &#1F4DB;",
			"&#128220; &nbsp; &#1F4DC;",
			"&#128221; &nbsp; &#1F4DD;",
			"&#128222; &nbsp; &#1F4DE;",
			"&#128223; &nbsp; &#1F4DF;",
			"&#128224; &nbsp; &#1F4E0;",
			"&#128225; &nbsp; &#1F4E1;",
			"&#128226; &nbsp; &#1F4E2;",
			"&#128227; &nbsp; &#1F4E3;",
			"&#128228; &nbsp; &#1F4E4;",
			"&#128229; &nbsp; &#1F4E5;",
			"&#128230; &nbsp; &#1F4E6;",
			"&#128231; &nbsp; &#1F4E7;",
			"&#128232; &nbsp; &#1F4E8;",
			"&#128233; &nbsp; &#1F4E9;",
			"&#128234; &nbsp; &#1F4EA;",
			"&#128235; &nbsp; &#1F4EB;",
			"&#128236; &nbsp; &#1F4EC;",
			"&#128237; &nbsp; &#1F4ED;",
			"&#128238; &nbsp; &#1F4EE;",
			"&#128239; &nbsp; &#1F4EF;",
			"&#128240; &nbsp; &#1F4F0;",
			"&#128241; &nbsp; &#1F4F1;",
			"&#128242; &nbsp; &#1F4F2;",
			"&#128243; &nbsp; &#1F4F3;",
			"&#128244; &nbsp; &#1F4F4;",
			"&#128245; &nbsp; &#1F4F5;",
			"&#128246; &nbsp; &#1F4F6;",
			"&#128247; &nbsp; &#1F4F7;",
			"&#128248; &nbsp; &#1F4F8;",
			"&#128249; &nbsp; &#1F4F9;",
			"&#128250; &nbsp; &#1F4FA;",
			"&#128251; &nbsp; &#1F4FB;",
			"&#128252; &nbsp; &#1F4FC;",
			"&#128253; &nbsp; &#1F4FD;",
			"&#128255; &nbsp; &#1F4FF;",
			"&#128256; &nbsp; &#1F500;",
			"&#128257; &nbsp; &#1F501;",
			"&#128258; &nbsp; &#1F502;",
			"&#128259; &nbsp; &#1F503;",
			"&#128260; &nbsp; &#1F504;",
			"&#128261; &nbsp; &#1F505;",
			"&#128262; &nbsp; &#1F506;",
			"&#128263; &nbsp; &#1F507;",
			"&#128264; &nbsp; &#1F508;",
			"&#128265; &nbsp; &#1F509;",
			"&#128266; &nbsp; &#1F50A;",
			"&#128267; &nbsp; &#1F50B;",
			"&#128268; &nbsp; &#1F50C;",
			"&#128269; &nbsp; &#1F50D;",
			"&#128270; &nbsp; &#1F50E;",
			"&#128271; &nbsp; &#1F50F;",
			"&#128272; &nbsp; &#1F510;",
			"&#128273; &nbsp; &#1F511;",
			"&#128274; &nbsp; &#1F512;",
			"&#128275; &nbsp; &#1F513;",
			"&#128276; &nbsp; &#1F514;",
			"&#128277; &nbsp; &#1F515;",
			"&#128278; &nbsp; &#1F516;",
			"&#128279; &nbsp; &#1F517;",
			"&#128280; &nbsp; &#1F518;",
			"&#128281; &nbsp; &#1F519;",
			"&#128282; &nbsp; &#1F51A;",
			"&#128283; &nbsp; &#1F51B;",
			"&#128284; &nbsp; &#1F51C;",
			"&#128285; &nbsp; &#1F51D;",
			"&#128286; &nbsp; &#1F51E;",
			"&#128287; &nbsp; &#1F51F;",
			"&#128288; &nbsp; &#1F520;",
			"&#128289; &nbsp; &#1F521;",
			"&#128290; &nbsp; &#1F522;",
			"&#128291; &nbsp; &#1F523;",
			"&#128292; &nbsp; &#1F524;",
			"&#128293; &nbsp; &#1F525;",
			"&#128294; &nbsp; &#1F526;",
			"&#128295; &nbsp; &#1F527;",
			"&#128296; &nbsp; &#1F528;",
			"&#128297; &nbsp; &#1F529;",
			"&#128298; &nbsp; &#1F52A;",
			"&#128299; &nbsp; &#1F52B;",
			"&#128300; &nbsp; &#1F52C;",
			"&#128301; &nbsp; &#1F52D;",
			"&#128302; &nbsp; &#1F52E;",
			"&#128303; &nbsp; &#1F52F;",
			"&#128304; &nbsp; &#1F530;",
			"&#128305; &nbsp; &#1F531;",
			"&#128306; &nbsp; &#1F532;",
			"&#128307; &nbsp; &#1F533;",
			"&#128308; &nbsp; &#1F534;",
			"&#128309; &nbsp; &#1F535;",
			"&#128310; &nbsp; &#1F536;",
			"&#128311; &nbsp; &#1F537;",
			"&#128312; &nbsp; &#1F538;",
			"&#128313; &nbsp; &#1F539;",
			"&#128314; &nbsp; &#1F53A;",
			"&#128315; &nbsp; &#1F53B;",
			"&#128316; &nbsp; &#1F53C;",
			"&#128317; &nbsp; &#1F53D;",
			"&#128329; &nbsp; &#1F549;",
			"&#128330; &nbsp; &#1F54A;",
			"&#128331; &nbsp; &#1F54B;",
			"&#128332; &nbsp; &#1F54C;",
			"&#128333; &nbsp; &#1F54D;",
			"&#128334; &nbsp; &#1F54E;",
			"&#128336; &nbsp; &#1F550;",
			"&#128337; &nbsp; &#1F551;",
			"&#128338; &nbsp; &#1F552;",
			"&#128339; &nbsp; &#1F553;",
			"&#128340; &nbsp; &#1F554;",
			"&#128341; &nbsp; &#1F555;",
			"&#128342; &nbsp; &#1F556;",
			"&#128343; &nbsp; &#1F557;",
			"&#128344; &nbsp; &#1F558;",
			"&#128345; &nbsp; &#1F559;",
			"&#128346; &nbsp; &#1F55A;",
			"&#128347; &nbsp; &#1F55B;",
			"&#128348; &nbsp; &#1F55C;",
			"&#128349; &nbsp; &#1F55D;",
			"&#128350; &nbsp; &#1F55E;",
			"&#128351; &nbsp; &#1F55F;",
			"&#128352; &nbsp; &#1F560;",
			"&#128353; &nbsp; &#1F561;",
			"&#128354; &nbsp; &#1F562;",
			"&#128355; &nbsp; &#1F563;",
			"&#128356; &nbsp; &#1F564;",
			"&#128357; &nbsp; &#1F565;",
			"&#128358; &nbsp; &#1F566;",
			"&#128359; &nbsp; &#1F567;",
			"&#128367; &nbsp; &#1F56F;",
			"&#128368; &nbsp; &#1F570;",
			"&#128371; &nbsp; &#1F573;",
			"&#128372; &nbsp; &#1F574;",
			"&#128373; &nbsp; &#1F575;",
			"&#128374; &nbsp; &#1F576;",
			"&#128375; &nbsp; &#1F577;",
			"&#128376; &nbsp; &#1F578;",
			"&#128377; &nbsp; &#1F579;",
			"&#128378; &nbsp; &#1F57A;",
			"&#128391; &nbsp; &#1F587;",
			"&#128394; &nbsp; &#1F58A;",
			"&#128395; &nbsp; &#1F58B;",
			"&#128396; &nbsp; &#1F58C;",
			"&#128397; &nbsp; &#1F58D;",
			"&#128400; &nbsp; &#1F590;",
			"&#128405; &nbsp; &#1F595;",
			"&#128406; &nbsp; &#1F596;",
			"&#128420; &nbsp; &#1F5A4;",
			"&#128421; &nbsp; &#1F5A5;",
			"&#128424; &nbsp; &#1F5A8;",
			"&#128433; &nbsp; &#1F5B1;",
			"&#128434; &nbsp; &#1F5B2;",
			"&#128444; &nbsp; &#1F5BC;",
			"&#128450; &nbsp; &#1F5C2;",
			"&#128451; &nbsp; &#1F5C3;",
			"&#128452; &nbsp; &#1F5C4;",
			"&#128465; &nbsp; &#1F5D1;",
			"&#128466; &nbsp; &#1F5D2;",
			"&#128467; &nbsp; &#1F5D3;",
			"&#128476; &nbsp; &#1F5DC;",
			"&#128477; &nbsp; &#1F5DD;",
			"&#128478; &nbsp; &#1F5DE;",
			"&#128481; &nbsp; &#1F5E1;",
			"&#128483; &nbsp; &#1F5E3;",
			"&#128488; &nbsp; &#1F5E8;",
			"&#128495; &nbsp; &#1F5EF;",
			"&#128499; &nbsp; &#1F5F3;",
			"&#128506; &nbsp; &#1F5FA;",
			"&#128507; &nbsp; &#1F5FB;",
			"&#128508; &nbsp; &#1F5FC;",
			"&#128509; &nbsp; &#1F5FD;",
			"&#128510; &nbsp; &#1F5FE;",
			"&#128511; &nbsp; &#1F5FF;",
			"&#128512; &nbsp; &#1F600;",
			"&#128513; &nbsp; &#1F601;",
			"&#128514; &nbsp; &#1F602;",
			"&#128515; &nbsp; &#1F603;",
			"&#128516; &nbsp; &#1F604;",
			"&#128517; &nbsp; &#1F605;",
			"&#128518; &nbsp; &#1F606;",
			"&#128519; &nbsp; &#1F607;",
			"&#128520; &nbsp; &#1F608;",
			"&#128521; &nbsp; &#1F609;",
			"&#128522; &nbsp; &#1F60A;",
			"&#128523; &nbsp; &#1F60B;",
			"&#128524; &nbsp; &#1F60C;",
			"&#128525; &nbsp; &#1F60D;",
			"&#128526; &nbsp; &#1F60E;",
			"&#128527; &nbsp; &#1F60F;",
			"&#128528; &nbsp; &#1F610;",
			"&#128529; &nbsp; &#1F611;",
			"&#128530; &nbsp; &#1F612;",
			"&#128531; &nbsp; &#1F613;",
			"&#128532; &nbsp; &#1F614;",
			"&#128533; &nbsp; &#1F615;",
			"&#128534; &nbsp; &#1F616;",
			"&#128535; &nbsp; &#1F617;",
			"&#128536; &nbsp; &#1F618;",
			"&#128537; &nbsp; &#1F619;",
			"&#128538; &nbsp; &#1F61A;",
			"&#128539; &nbsp; &#1F61B;",
			"&#128540; &nbsp; &#1F61C;",
			"&#128541; &nbsp; &#1F61D;",
			"&#128542; &nbsp; &#1F61E;",
			"&#128543; &nbsp; &#1F61F;",
			"&#128544; &nbsp; &#1F620;",
			"&#128545; &nbsp; &#1F621;",
			"&#128546; &nbsp; &#1F622;",
			"&#128547; &nbsp; &#1F623;",
			"&#128548; &nbsp; &#1F624;",
			"&#128549; &nbsp; &#1F625;",
			"&#128550; &nbsp; &#1F626;",
			"&#128551; &nbsp; &#1F627;",
			"&#128552; &nbsp; &#1F628;",
			"&#128553; &nbsp; &#1F629;",
			"&#128554; &nbsp; &#1F62A;",
			"&#128555; &nbsp; &#1F62B;",
			"&#128556; &nbsp; &#1F62C;",
			"&#128557; &nbsp; &#1F62D;",
			"&#128558; &nbsp; &#1F62E;",
			"&#128559; &nbsp; &#1F62F;",
			"&#128560; &nbsp; &#1F630;",
			"&#128561; &nbsp; &#1F631;",
			"&#128562; &nbsp; &#1F632;",
			"&#128563; &nbsp; &#1F633;",
			"&#128564; &nbsp; &#1F634;",
			"&#128565; &nbsp; &#1F635;",
			"&#128566; &nbsp; &#1F636;",
			"&#128567; &nbsp; &#1F637;",
			"&#128568; &nbsp; &#1F638;",
			"&#128569; &nbsp; &#1F639;",
			"&#128570; &nbsp; &#1F63A;",
			"&#128571; &nbsp; &#1F63B;",
			"&#128572; &nbsp; &#1F63C;",
			"&#128573; &nbsp; &#1F63D;",
			"&#128574; &nbsp; &#1F63E;",
			"&#128575; &nbsp; &#1F63F;",
			"&#128576; &nbsp; &#1F640;",
			"&#128577; &nbsp; &#1F641;",
			"&#128578; &nbsp; &#1F642;",
			"&#128579; &nbsp; &#1F643;",
			"&#128580; &nbsp; &#1F644;",
			"&#128581; &nbsp; &#1F645;",
			"&#128582; &nbsp; &#1F646;",
			"&#128583; &nbsp; &#1F647;",
			"&#128584; &nbsp; &#1F648;",
			"&#128585; &nbsp; &#1F649;",
			"&#128586; &nbsp; &#1F64A;",
			"&#128587; &nbsp; &#1F64B;",
			"&#128588; &nbsp; &#1F64C;",
			"&#128589; &nbsp; &#1F64D;",
			"&#128590; &nbsp; &#1F64E;",
			"&#128591; &nbsp; &#1F64F;",
			"&#128640; &nbsp; &#1F680;",
			"&#128641; &nbsp; &#1F681;",
			"&#128642; &nbsp; &#1F682;",
			"&#128643; &nbsp; &#1F683;",
			"&#128644; &nbsp; &#1F684;",
			"&#128645; &nbsp; &#1F685;",
			"&#128646; &nbsp; &#1F686;",
			"&#128647; &nbsp; &#1F687;",
			"&#128648; &nbsp; &#1F688;",
			"&#128649; &nbsp; &#1F689;",
			"&#128650; &nbsp; &#1F68A;",
			"&#128651; &nbsp; &#1F68B;",
			"&#128652; &nbsp; &#1F68C;",
			"&#128653; &nbsp; &#1F68D;",
			"&#128654; &nbsp; &#1F68E;",
			"&#128655; &nbsp; &#1F68F;",
			"&#128656; &nbsp; &#1F690;",
			"&#128657; &nbsp; &#1F691;",
			"&#128658; &nbsp; &#1F692;",
			"&#128659; &nbsp; &#1F693;",
			"&#128660; &nbsp; &#1F694;",
			"&#128661; &nbsp; &#1F695;",
			"&#128662; &nbsp; &#1F696;",
			"&#128663; &nbsp; &#1F697;",
			"&#128664; &nbsp; &#1F698;",
			"&#128665; &nbsp; &#1F699;",
			"&#128666; &nbsp; &#1F69A;",
			"&#128667; &nbsp; &#1F69B;",
			"&#128668; &nbsp; &#1F69C;",
			"&#128669; &nbsp; &#1F69D;",
			"&#128670; &nbsp; &#1F69E;",
			"&#128671; &nbsp; &#1F69F;",
			"&#128672; &nbsp; &#1F6A0;",
			"&#128673; &nbsp; &#1F6A1;",
			"&#128674; &nbsp; &#1F6A2;",
			"&#128675; &nbsp; &#1F6A3;",
			"&#128676; &nbsp; &#1F6A4;",
			"&#128677; &nbsp; &#1F6A5;",
			"&#128678; &nbsp; &#1F6A6;",
			"&#128679; &nbsp; &#1F6A7;",
			"&#128680; &nbsp; &#1F6A8;",
			"&#128681; &nbsp; &#1F6A9;",
			"&#128682; &nbsp; &#1F6AA;",
			"&#128683; &nbsp; &#1F6AB;",
			"&#128684; &nbsp; &#1F6AC;",
			"&#128685; &nbsp; &#1F6AD;",
			"&#128686; &nbsp; &#1F6AE;",
			"&#128687; &nbsp; &#1F6AF;",
			"&#128688; &nbsp; &#1F6B0;",
			"&#128689; &nbsp; &#1F6B1;",
			"&#128690; &nbsp; &#1F6B2;",
			"&#128691; &nbsp; &#1F6B3;",
			"&#128692; &nbsp; &#1F6B4;",
			"&#128693; &nbsp; &#1F6B5;",
			"&#128694; &nbsp; &#1F6B6;",
			"&#128695; &nbsp; &#1F6B7;",
			"&#128696; &nbsp; &#1F6B8;",
			"&#128697; &nbsp; &#1F6B9;",
			"&#128698; &nbsp; &#1F6BA;",
			"&#128699; &nbsp; &#1F6BB;",
			"&#128700; &nbsp; &#1F6BC;",
			"&#128701; &nbsp; &#1F6BD;",
			"&#128702; &nbsp; &#1F6BE;",
			"&#128703; &nbsp; &#1F6BF;",
			"&#128704; &nbsp; &#1F6C0;",
			"&#128705; &nbsp; &#1F6C1;",
			"&#128706; &nbsp; &#1F6C2;",
			"&#128707; &nbsp; &#1F6C3;",
			"&#128708; &nbsp; &#1F6C4;",
			"&#128709; &nbsp; &#1F6C5;",
			"&#128715; &nbsp; &#1F6CB;",
			"&#128716; &nbsp; &#1F6CC;",
			"&#128717; &nbsp; &#1F6CD;",
			"&#128718; &nbsp; &#1F6CE;",
			"&#128719; &nbsp; &#1F6CF;",
			"&#128720; &nbsp; &#1F6D0;",
			"&#128721; &nbsp; &#1F6D1;",
			"&#128722; &nbsp; &#1F6D2;",
			"&#128736; &nbsp; &#1F6E0;",
			"&#128737; &nbsp; &#1F6E1;",
			"&#128738; &nbsp; &#1F6E2;",
			"&#128739; &nbsp; &#1F6E3;",
			"&#128740; &nbsp; &#1F6E4;",
			"&#128741; &nbsp; &#1F6E5;",
			"&#128745; &nbsp; &#1F6E9;",
			"&#128747; &nbsp; &#1F6EB;",
			"&#128748; &nbsp; &#1F6EC;",
			"&#128752; &nbsp; &#1F6F0;",
			"&#128755; &nbsp; &#1F6F3;",
			"&#128756; &nbsp; &#1F6F4;",
			"&#128757; &nbsp; &#1F6F5;",
			"&#128758; &nbsp; &#1F6F6;",
			"&#128759; &nbsp; &#1F6F7;",
			"&#128760; &nbsp; &#1F6F8;",
			"&#128761; &nbsp; &#1F6F9;",
			"&#128762; &nbsp; &#1F6FA;",
			"&#129296; &nbsp; &#1F910;",
			"&#129297; &nbsp; &#1F911;",
			"&#129298; &nbsp; &#1F912;",
			"&#129299; &nbsp; &#1F913;",
			"&#129300; &nbsp; &#1F914;",
			"&#129301; &nbsp; &#1F915;",
			"&#129302; &nbsp; &#1F916;",
			"&#129303; &nbsp; &#1F917;",
			"&#129304; &nbsp; &#1F918;",
			"&#129305; &nbsp; &#1F919;",
			"&#129306; &nbsp; &#1F91A;",
			"&#129307; &nbsp; &#1F91B;",
			"&#129308; &nbsp; &#1F91C;",
			"&#129309; &nbsp; &#1F91D;",
			"&#129310; &nbsp; &#1F91E;",
			"&#129311; &nbsp; &#1F91F;",
			"&#129312; &nbsp; &#1F920;",
			"&#129313; &nbsp; &#1F921;",
			"&#129314; &nbsp; &#1F922;",
			"&#129315; &nbsp; &#1F923;",
			"&#129316; &nbsp; &#1F924;",
			"&#129317; &nbsp; &#1F925;",
			"&#129318; &nbsp; &#1F926;",
			"&#129319; &nbsp; &#1F927;",
			"&#129320; &nbsp; &#1F928;",
			"&#129321; &nbsp; &#1F929;",
			"&#129322; &nbsp; &#1F92A;",
			"&#129323; &nbsp; &#1F92B;",
			"&#129324; &nbsp; &#1F92C;",
			"&#129325; &nbsp; &#1F92D;",
			"&#129326; &nbsp; &#1F92E;",
			"&#129327; &nbsp; &#1F92F;",
			"&#129328; &nbsp; &#1F930;",
			"&#129329; &nbsp; &#1F931;",
			"&#129330; &nbsp; &#1F932;",
			"&#129331; &nbsp; &#1F933;",
			"&#129332; &nbsp; &#1F934;",
			"&#129333; &nbsp; &#1F935;",
			"&#129334; &nbsp; &#1F936;",
			"&#129335; &nbsp; &#1F937;",
			"&#129336; &nbsp; &#1F938;",
			"&#129337; &nbsp; &#1F939;",
			"&#129338; &nbsp; &#1F93A;",
			"&#129340; &nbsp; &#1F93C;",
			"&#129341; &nbsp; &#1F93D;",
			"&#129342; &nbsp; &#1F93E;",
			"&#129344; &nbsp; &#1F940;",
			"&#129345; &nbsp; &#1F941;",
			"&#129346; &nbsp; &#1F942;",
			"&#129347; &nbsp; &#1F943;",
			"&#129348; &nbsp; &#1F944;",
			"&#129349; &nbsp; &#1F945;",
			"&#129351; &nbsp; &#1F947;",
			"&#129352; &nbsp; &#1F948;",
			"&#129353; &nbsp; &#1F949;",
			"&#129354; &nbsp; &#1F94A;",
			"&#129355; &nbsp; &#1F94B;",
			"&#129356; &nbsp; &#1F94C;",
			"&#129357; &nbsp; &#1F94D;",
			"&#129358; &nbsp; &#1F94E;",
			"&#129359; &nbsp; &#1F94F;",
			"&#129360; &nbsp; &#1F950;",
			"&#129361; &nbsp; &#1F951;",
			"&#129362; &nbsp; &#1F952;",
			"&#129363; &nbsp; &#1F953;",
			"&#129364; &nbsp; &#1F954;",
			"&#129365; &nbsp; &#1F955;",
			"&#129366; &nbsp; &#1F956;",
			"&#129367; &nbsp; &#1F957;",
			"&#129368; &nbsp; &#1F958;",
			"&#129369; &nbsp; &#1F959;",
			"&#129370; &nbsp; &#1F95A;",
			"&#129371; &nbsp; &#1F95B;",
			"&#129372; &nbsp; &#1F95C;",
			"&#129373; &nbsp; &#1F95D;",
			"&#129374; &nbsp; &#1F95E;",
			"&#129375; &nbsp; &#1F95F;",
			"&#129376; &nbsp; &#1F960;",
			"&#129377; &nbsp; &#1F961;",
			"&#129378; &nbsp; &#1F962;",
			"&#129379; &nbsp; &#1F963;",
			"&#129380; &nbsp; &#1F964;",
			"&#129381; &nbsp; &#1F965;",
			"&#129382; &nbsp; &#1F966;",
			"&#129383; &nbsp; &#1F967;",
			"&#129384; &nbsp; &#1F968;",
			"&#129385; &nbsp; &#1F969;",
			"&#129386; &nbsp; &#1F96A;",
			"&#129387; &nbsp; &#1F96B;",
			"&#129408; &nbsp; &#1F980;",
			"&#129409; &nbsp; &#1F981;",
			"&#129410; &nbsp; &#1F982;",
			"&#129411; &nbsp; &#1F983;",
			"&#129412; &nbsp; &#1F984;",
			"&#129413; &nbsp; &#1F985;",
			"&#129414; &nbsp; &#1F986;",
			"&#129415; &nbsp; &#1F987;",
			"&#129416; &nbsp; &#1F988;",
			"&#129417; &nbsp; &#1F989;",
			"&#129418; &nbsp; &#1F98A;",
			"&#129419; &nbsp; &#1F98B;",
			"&#129420; &nbsp; &#1F98C;",
			"&#129421; &nbsp; &#1F98D;",
			"&#129422; &nbsp; &#1F98E;",
			"&#129423; &nbsp; &#1F98F;",
			"&#129424; &nbsp; &#1F990;",
			"&#129425; &nbsp; &#1F991;",
			"&#129426; &nbsp; &#1F992;",
			"&#129427; &nbsp; &#1F993;",
			"&#129428; &nbsp; &#1F994;",
			"&#129429; &nbsp; &#1F995;",
			"&#129430; &nbsp; &#1F996;",
			"&#129431; &nbsp; &#1F997;",
			"&#129472; &nbsp; &#1F9C0;",
			"&#129488; &nbsp; &#1F9D0;",
			"&#129489; &nbsp; &#1F9D1;",
			"&#129490; &nbsp; &#1F9D2;",
			"&#129491; &nbsp; &#1F9D3;",
			"&#129492; &nbsp; &#1F9D4;",
			"&#129493; &nbsp; &#1F9D5;",
			"&#129494; &nbsp; &#1F9D6;",
			"&#129495; &nbsp; &#1F9D7;",
			"&#129496; &nbsp; &#1F9D8;",
			"&#129497; &nbsp; &#1F9D9;",
			"&#129498; &nbsp; &#1F9DA;",
			"&#129499; &nbsp; &#1F9DB;",
			"&#129500; &nbsp; &#1F9DC;",
			"&#129501; &nbsp; &#1F9DD;",
			"&#129502; &nbsp; &#1F9DE;",
			"&#129503; &nbsp; &#1F9DF;",
			"&#129504; &nbsp; &#1F9E0;",
			"&#129505; &nbsp; &#1F9E1;",
			"&#129506; &nbsp; &#1F9E2;",
			"&#129507; &nbsp; &#1F9E3;",
			"&#129508; &nbsp; &#1F9E4;",
			"&#129509; &nbsp; &#1F9E5;",
			"&#129510; &nbsp; &#1F9E6;"
		],
		"description": "Smiley Emoji"
	}, 

	"on-container-view": {
		"prefix": "on-container-view",
		"body": [
			"<div class=\"container\">",
		"    <div class=\"container\" style=\"background-color: #FFFFFF;\">",
		"        <div class=\"row\">",
		"            <div class=\"col-12 col-sm-12\">",
		"                <?php",
		"                myPrint($$result);",
		"                ?>",
		"            </div>",
		"        </div>",
		"    </div>",
		"</div>"
		],
		"description": "Modelo básico de view"
	}, 

	"on-popup": {
		"prefix": "on-popup",
		"body": [
			"<a class=\"btn btn-outline-primary btn-block\" href=\"#\" role=\"button\" onClick=\"javascript:window.open('<?= base_url() . '/index.php'?>', 'popup', 'width=400, height=400, top=100, left=400, scrollbars=no, status=no, toolbar=no, location=no, menubar=no, resizable=no, fullscreen=no') ;return false\"><?= \"label\"; ?>",
			"</a>"
		],
		"description": "Modelo"
	}, 

	"on-refresh": {
		"prefix": "on-refresh",
		"body": [
			"onClick=\"window.location.reload()\""
		],
		"description": "Modelo"
	},

	"on-form": {
		"prefix": "on-form",
		"body": [
			"<?php",
			"if (isset($$result['value'])) {",
			"    $$value = $$result['value'];",
			"} else {",
			"    $$value = array();",
			"}",
			"$$uri_post = 'www/caminho/api'",
			"?>",
			"<?= form_open_multipart($$uri_post, 'class=\"was-validated\"'); ?>",
			"<!-- Campos do Formulário -->",
			"<select class=\"form-select form-select-sm\" aria-label=\".form-select-sm example\" disabled>",
			"    <option selected>Open this select menu</option>",
			"    <option value=\"1\">One</option>",
			"    <option value=\"2\">Two</option>",
			"    <option value=\"3\">Three</option>",
			"</select>",
			"<select class=\"form-select form-select-sm\" multiple aria-label=\"multiple select example\" disabledv>",
			"    <option selected>Open this select menu</option>",
			"    <option value=\"1\">One</option>",
			"    <option value=\"2\">Two</option>",
			"    <option value=\"3\">Three</option>",
			"</select>",
			"<div class=\"form-check\">",
			"    <input class=\"form-check-input\" type=\"checkbox\" value=\"\" id=\"flexCheckDefault\" disabled>",
			"    <label class=\"form-check-label\" for=\"flexCheckDefault\">",
			"        Default checkbox",
			"    </label>",
			"</div>",
			"<div class=\"form-check\">",
			"    <input class=\"form-check-input\" type=\"checkbox\" value=\"\" id=\"flexCheckChecked\" checked>",
			"    <label class=\"form-check-label\" for=\"flexCheckChecked\">",
			"        Checked checkbox",
			"    </label>",
			"</div>",
			"<div class=\"form-check\">",
			"    <input class=\"form-check-input\" type=\"radio\" name=\"flexRadioDefault\" id=\"flexRadioDefault1\" disabled>",
			"    <label class=\"form-check-label\" for=\"flexRadioDefault1\">",
			"        Default radio",
			"    </label>",
			"</div>",
			"<div class=\"form-check\">",
			"    <input class=\"form-check-input\" type=\"radio\" name=\"flexRadioDefault\" id=\"flexRadioDefault2\" checked>",
			"    <label class=\"form-check-label\" for=\"flexRadioDefault2\">",
			"        Default checked radio",
			"    </label>",
			"</div>",
			"<div class=\"form-check form-switch\">",
			"    <input class=\"form-check-input\" type=\"checkbox\" id=\"flexSwitchCheckDefault\">",
			"    <label class=\"form-check-label\" for=\"flexSwitchCheckDefault\">Default switch checkbox input</label>",
			"</div>",
			"<div class=\"form-check form-switch\">",
			"    <input class=\"form-check-input\" type=\"checkbox\" id=\"flexSwitchCheckChecked\" checked>",
			"    <label class=\"form-check-label\" for=\"flexSwitchCheckChecked\">Checked switch checkbox input</label>",
			"</div>",
			"<div class=\"form-check form-switch\">",
			"    <input class=\"form-check-input\" type=\"checkbox\" id=\"flexSwitchCheckDisabled\" disabled>",
			"    <label class=\"form-check-label\" for=\"flexSwitchCheckDisabled\">Disabled switch checkbox input</label>",
			"</div>",
			"<div class=\"form-check form-switch\">",
			"    <input class=\"form-check-input\" type=\"checkbox\" id=\"flexSwitchCheckCheckedDisabled\" checked disabled>",
			"    <label class=\"form-check-label\" for=\"flexSwitchCheckCheckedDisabled\">Disabled checked switch checkbox input</label>",
			"</div>",
			"<div class=\"form-check form-check-inline\">",
			"    <input class=\"form-check-input\" type=\"checkbox\" id=\"inlineCheckbox1\" value=\"option1\">",
			"    <label class=\"form-check-label\" for=\"inlineCheckbox1\">1</label>",
			"</div>",
			"<div class=\"form-check form-check-inline\">",
			"    <input class=\"form-check-input\" type=\"checkbox\" id=\"inlineCheckbox2\" value=\"option2\">",
			"    <label class=\"form-check-label\" for=\"inlineCheckbox2\">2</label>",
			"</div>",
			"<div class=\"form-check form-check-inline\">",
			"    <input class=\"form-check-input\" type=\"checkbox\" id=\"inlineCheckbox3\" value=\"option3\" disabled>",
			"    <label class=\"form-check-label\" for=\"inlineCheckbox3\">3 (disabled)</label>",
			"</div>",
			"<div class=\"form-check form-check-inline\">",
			"    <input class=\"form-check-input\" type=\"checkbox\" id=\"inlineCheckbox1\" value=\"option1\">",
			"    <label class=\"form-check-label\" for=\"inlineCheckbox1\">1</label>",
			"</div>",
			"<div class=\"form-check form-check-inline\">",
			"    <input class=\"form-check-input\" type=\"checkbox\" id=\"inlineCheckbox2\" value=\"option2\">",
			"    <label class=\"form-check-label\" for=\"inlineCheckbox2\">2</label>",
			"</div>",
			"<div class=\"form-check form-check-inline\">",
			"    <input class=\"form-check-input\" type=\"checkbox\" id=\"inlineCheckbox3\" value=\"option3\" disabled>",
			"    <label class=\"form-check-label\" for=\"inlineCheckbox3\">3 (disabled)</label>",
			"</div>",
			"<div class=\"form-check form-check-inline\">",
			"    <input class=\"form-check-input\" type=\"radio\" name=\"inlineRadioOptions\" id=\"inlineRadio1\" value=\"option1\">",
			"    <label class=\"form-check-label\" for=\"inlineRadio1\">1</label>",
			"</div>",
			"<div class=\"form-check form-check-inline\">",
			"    <input class=\"form-check-input\" type=\"radio\" name=\"inlineRadioOptions\" id=\"inlineRadio2\" value=\"option2\">",
			"    <label class=\"form-check-label\" for=\"inlineRadio2\">2</label>",
			"</div>",
			"<div class=\"form-check form-check-inline\">",
			"    <input class=\"form-check-input\" type=\"radio\" name=\"inlineRadioOptions\" id=\"inlineRadio3\" value=\"option3\" disabled>",
			"    <label class=\"form-check-label\" for=\"inlineRadio3\">3 (disabled)</label>",
			"</div>",
			"<div class=\"input-group mb-3\">",
			"    <div class=\"input-group-text\">",
			"        <input class=\"form-check-input mt-0\" type=\"checkbox\" value=\"\" aria-label=\"Checkbox for following text input\">",
			"    </div>",
			"    <input type=\"text\" class=\"form-control form-control-sm\" aria-label=\"Text input with checkbox\">",
			"</div>",
			"",
			"<div class=\"input-group\">",
			"    <div class=\"input-group-text\">",
			"        <input class=\"form-check-input mt-0\" type=\"radio\" value=\"\" aria-label=\"Radio button for following text input\">",
			"    </div>",
			"    <input type=\"text\" class=\"form-control form-control-sm\" aria-label=\"Text input with radio button\">",
			"</div>",
			"<label for=\"disabledRange\" class=\"form-label\">Disabled range</label>",
			"<input type=\"range\" class=\"form-range\" id=\"disabledRange\" disabled>",
			"<label for=\"customRange3\" class=\"form-label\">Example range</label>",
			"<input type=\"range\" class=\"form-range\" min=\"0\" max=\"5\" step=\"0.5\" id=\"customRange3\">",
			"<div class=\"input-group mb-3\">",
			"    <span class=\"input-group-text\" id=\"basic-addon1\">@</span>",
			"    <input type=\"text\" class=\"form-control form-control-sm\" placeholder=\"Username\" aria-label=\"Username\" aria-describedby=\"basic-addon1\">",
			"</div>",
			"",
			"<div class=\"input-group mb-3\">",
			"    <input type=\"text\" class=\"form-control form-control-sm\" placeholder=\"Recipient's username\" aria-label=\"Recipient's username\" aria-describedby=\"basic-addon2\">",
			"    <span class=\"input-group-text\" id=\"basic-addon2\">@example.com</span>",
			"</div>",
			"",
			"<label for=\"basic-url\" class=\"form-label\">Your vanity URL</label>",
			"<div class=\"input-group mb-3\">",
			"    <span class=\"input-group-text\" id=\"basic-addon3\">https://example.com/users/</span>",
			"    <input type=\"text\" class=\"form-control form-control-sm\" id=\"basic-url\" aria-describedby=\"basic-addon3\">",
			"</div>",
			"",
			"<div class=\"input-group mb-3\">",
			"    <span class=\"input-group-text\">$$</span>",
			"    <input type=\"text\" class=\"form-control form-control-sm\" aria-label=\"Amount (to the nearest dollar)\">",
			"    <span class=\"input-group-text\">.00</span>",
			"</div>",
			"",
			"<div class=\"input-group mb-3\">",
			"    <input type=\"text\" class=\"form-control form-control-sm\" placeholder=\"Username\" aria-label=\"Username\">",
			"    <span class=\"input-group-text\">@</span>",
			"    <input type=\"text\" class=\"form-control form-control-sm\" placeholder=\"Server\" aria-label=\"Server\">",
			"</div>",
			"",
			"<div class=\"input-group\">",
			"    <span class=\"input-group-text\">With textarea</span>",
			"    <textarea class=\"form-control form-control-sm\" aria-label=\"With textarea\"></textarea>",
			"</div>",
			"<div class=\"input-group mb-3\">",
			"    <label class=\"input-group-text\" for=\"inputGroupFile01\">Upload</label>",
			"    <input type=\"file\" class=\"form-control form-control-sm\" id=\"inputGroupFile01\">",
			"</div>",
			"",
			"<div class=\"input-group mb-3\">",
			"    <input type=\"file\" class=\"form-control form-control-sm\" id=\"inputGroupFile02\">",
			"    <label class=\"input-group-text\" for=\"inputGroupFile02\">Upload</label>",
			"</div>",
			"",
			"<div class=\"input-group mb-3\">",
			"    <button class=\"btn btn-outline-secondary\" type=\"button\" id=\"inputGroupFileAddon03\">Button</button>",
			"    <input type=\"file\" class=\"form-control form-control-sm\" id=\"inputGroupFile03\" aria-describedby=\"inputGroupFileAddon03\" aria-label=\"Upload\">",
			"</div>",
			"",
			"<div class=\"input-group\">",
			"    <input type=\"file\" class=\"form-control form-control-sm\" id=\"inputGroupFile04\" aria-describedby=\"inputGroupFileAddon04\" aria-label=\"Upload\">",
			"    <button class=\"btn btn-outline-secondary\" type=\"button\" id=\"inputGroupFileAddon04\">Button</button>",
			"</div>",
			"<div class=\"form-floating mb-3\">",
			"    <input type=\"email\" class=\"form-control form-control-sm\" id=\"floatingInput\" placeholder=\"name@example.com\">",
			"    <label for=\"floatingInput\">Email address</label>",
			"</div>",
			"<div class=\"form-floating\">",
			"    <input type=\"password\" class=\"form-control form-control-sm\" id=\"floatingPassword\" placeholder=\"Password\">",
			"    <label for=\"floatingPassword\">Password</label>",
			"</div>",
			"<div class=\"form-floating\">",
			"    <textarea class=\"form-control form-control-sm\" placeholder=\"Leave a comment here\" id=\"floatingTextarea\"></textarea>",
			"    <label for=\"floatingTextarea\">Comments</label>",
			"</div>",
			"<div class=\"mb-3\">",
			"    <label for=\"formGroupExampleInput\" class=\"form-label\">Example label</label>",
			"    <input type=\"text\" class=\"form-control form-control-sm\" id=\"formGroupExampleInput\" placeholder=\"Example input placeholder\">",
			"</div>",
			"<div class=\"mb-3\">",
			"    <label for=\"formGroupExampleInput2\" class=\"form-label\">Another label</label>",
			"    <input type=\"text\" class=\"form-control form-control-sm\" id=\"formGroupExampleInput2\" placeholder=\"Another input placeholder\">",
			"</div>",
			"<div class=\"row\">",
			"    <div class=\"col\">",
			"        <input type=\"text\" class=\"form-control form-control-sm\" placeholder=\"First name\" aria-label=\"First name\">",
			"    </div>",
			"    <div class=\"col\">",
			"        <input type=\"text\" class=\"form-control form-control-sm\" placeholder=\"Last name\" aria-label=\"Last name\">",
			"    </div>",
			"</div>",
			"<div class=\"row\">",
			"    <div class=\"col\">",
			"        <input type=\"text\" class=\"form-control form-control-sm\" placeholder=\"First name\" aria-label=\"First name\">",
			"    </div>",
			"    <div class=\"col\">",
			"        <input type=\"text\" class=\"form-control form-control-sm\" placeholder=\"Last name\" aria-label=\"Last name\">",
			"    </div>",
			"</div>",
			"",
			"<div class=\"col-md-6\">",
			"    <label for=\"inputEmail4\" class=\"form-label\">Email</label>",
			"    <input type=\"email\" class=\"form-control form-control-sm\" id=\"inputEmail4\">",
			"</div>",
			"<div class=\"col-md-6\">",
			"    <label for=\"inputPassword4\" class=\"form-label\">Password</label>",
			"    <input type=\"password\" class=\"form-control form-control-sm\" id=\"inputPassword4\">",
			"</div>",
			"<div class=\"col-12\">",
			"    <label for=\"inputAddress\" class=\"form-label\">Address</label>",
			"    <input type=\"text\" class=\"form-control form-control-sm\" id=\"inputAddress\" placeholder=\"1234 Main St\">",
			"</div>",
			"<div class=\"col-12\">",
			"    <label for=\"inputAddress2\" class=\"form-label\">Address 2</label>",
			"    <input type=\"text\" class=\"form-control form-control-sm\" id=\"inputAddress2\" placeholder=\"Apartment, studio, or floor\">",
			"</div>",
			"<div class=\"col-md-6\">",
			"    <label for=\"inputCity\" class=\"form-label\">City</label>",
			"    <input type=\"text\" class=\"form-control form-control-sm\" id=\"inputCity\">",
			"</div>",
			"<div class=\"col-md-4\">",
			"    <label for=\"inputState\" class=\"form-label\">State</label>",
			"    <select id=\"inputState\" class=\"form-select\">",
			"        <option selected>Choose...</option>",
			"        <option>...</option>",
			"    </select>",
			"</div>",
			"<div class=\"col-md-2\">",
			"    <label for=\"inputZip\" class=\"form-label\">Zip</label>",
			"    <input type=\"text\" class=\"form-control form-control-sm\" id=\"inputZip\">",
			"</div>",
			"<div class=\"col-12\">",
			"    <div class=\"form-check\">",
			"        <input class=\"form-check-input\" type=\"checkbox\" id=\"gridCheck\">",
			"        <label class=\"form-check-label\" for=\"gridCheck\">",
			"            Check me out",
			"        </label>",
			"    </div>",
			"</div>",
			"<div class=\"col-12\">",
			"    <button type=\"submit\" class=\"btn btn-primary\">Sign in</button>",
			"</div>",
			"",
			"<div class=\"col-md-4\">",
			"    <label for=\"validationServer01\" class=\"form-label\">First name</label>",
			"    <input type=\"text\" class=\"form-control is-valid\" id=\"validationServer01\" value=\"Mark\" required>",
			"    <div class=\"valid-feedback\">",
			"        Looks good!",
			"    </div>",
			"</div>",
			"<div class=\"col-md-4\">",
			"    <label for=\"validationServer02\" class=\"form-label\">Last name</label>",
			"    <input type=\"text\" class=\"form-control is-valid\" id=\"validationServer02\" value=\"Otto\" required>",
			"    <div class=\"valid-feedback\">",
			"        Looks good!",
			"    </div>",
			"</div>",
			"<div class=\"col-md-4\">",
			"    <label for=\"validationServerUsername\" class=\"form-label\">Username</label>",
			"    <div class=\"input-group has-validation\">",
			"        <span class=\"input-group-text\" id=\"inputGroupPrepend3\">@</span>",
			"        <input type=\"text\" class=\"form-control is-invalid\" id=\"validationServerUsername\" aria-describedby=\"inputGroupPrepend3 validationServerUsernameFeedback\" required>",
			"        <div id=\"validationServerUsernameFeedback\" class=\"invalid-feedback\">",
			"            Please choose a username.",
			"        </div>",
			"    </div>",
			"</div>",
			"<div class=\"col-md-6\">",
			"    <label for=\"validationServer03\" class=\"form-label\">City</label>",
			"    <input type=\"text\" class=\"form-control is-invalid\" id=\"validationServer03\" aria-describedby=\"validationServer03Feedback\" required>",
			"    <div id=\"validationServer03Feedback\" class=\"invalid-feedback\">",
			"        Please provide a valid city.",
			"    </div>",
			"</div>",
			"<div class=\"col-md-3\">",
			"    <label for=\"validationServer04\" class=\"form-label\">State</label>",
			"    <select class=\"form-select is-invalid\" id=\"validationServer04\" aria-describedby=\"validationServer04Feedback\" required>",
			"        <option selected disabled value=\"\">Choose...</option>",
			"        <option>...</option>",
			"    </select>",
			"    <div id=\"validationServer04Feedback\" class=\"invalid-feedback\">",
			"        Please select a valid state.",
			"    </div>",
			"</div>",
			"<div class=\"col-md-3\">",
			"    <label for=\"validationServer05\" class=\"form-label\">Zip</label>",
			"    <input type=\"text\" class=\"form-control is-invalid\" id=\"validationServer05\" aria-describedby=\"validationServer05Feedback\" required>",
			"    <div id=\"validationServer05Feedback\" class=\"invalid-feedback\">",
			"        Please provide a valid zip.",
			"    </div>",
			"</div>",
			"<div class=\"col-12\">",
			"    <div class=\"form-check\">",
			"        <input class=\"form-check-input is-invalid\" type=\"checkbox\" value=\"\" id=\"invalidCheck3\" aria-describedby=\"invalidCheck3Feedback\" required>",
			"        <label class=\"form-check-label\" for=\"invalidCheck3\">",
			"            Agree to terms and conditions",
			"        </label>",
			"        <div id=\"invalidCheck3Feedback\" class=\"invalid-feedback\">",
			"            You must agree before submitting.",
			"        </div>",
			"    </div>",
			"</div>",
			"<div class=\"col-12\">",
			"    <button class=\"btn btn-primary\" type=\"submit\">Submit form</button>",
			"</div>",
			"",
			"<?= form_close(\"&nbsp;\"); ?>"
		],
		"description": "Fomulários para Codeigniter 4"
	},

	"on-form-label": {
		"prefix": "on-form-label",
		"body": [
			"<?= view('field/form_label', $$_subtitle__label) ?>",
		],
		"description": "Fomulários para Codeigniter 4"
	},

	"on-form-dropdown": {
		"prefix": "on-form-dropdown",
		"body": [
			"<?= view('field/form_dropdown', $$_subtitle_) ?>",
		],
		"description": "Fomulários para Codeigniter 4"
	},

	"on-form-textarea": {
		"prefix": "on-form-textarea",
		"body": [
			"<?= view('field/form_textarea', $$_subtitle_) ?>",
		],
		"description": "Fomulários para Codeigniter 4"
	},

	"on-form-input": {
		"prefix": "on-form-input",
		"body": [
			"<?= view('field/form_input', $$_subtitle_) ?>",
		],
		"description": "Fomulários para Codeigniter 4"
	},

	"on-form-radio": {
		"prefix": "on-form-radio",
		"body": [
			"<?= view('field/form_radio', $$_subtitle_) ?>",
		],
		"description": "Fomulários para Codeigniter 4"
	},

	"rct-api-consumo": {
		"prefix": "rct-api-consumo",
		"body": [
			"<!-- Um div com o ID \"app\", que será o ponto de montagem para o nosso componente React -->",
			"<div id=\"app\"></div>",
			"",
			"<script type=\"text/babel\">",
			"    // Definição do componente funcional App",
			"    const App = () => {",
			"        // Uso do hook useState para criar o estado 'data'",
			"        // Utilização do hook useState para criar a variável de estado 'data' e a função 'setData' para atualizá-la",
			"        const [data, setData] = React.useState(null);",
			"",
			"        // Uso do hook useEffect para lidar com efeitos colaterais (neste caso, chamada de API)",
			"        // Utilização do hook useEffect para realizar efeitos colaterais; neste caso, para buscar dados da API",
			"",
			"        React.useEffect(() => {",
			"            // Fazendo uma chamada fetch para a API",
			"            fetch('http://#')",
			"                .then(response => response.json()) // Processando a resposta para JSON",
			"                .then(data => setData(data)) // Atualizando o estado 'data' com os dados da resposta",
			"                .catch(error => console.error('Error fetching data:', error)); // Capturando erros, se houver",
			"        }, []); // Array vazio indica que este efeito será executado apenas na montagem do componente",
			"        // O array vazio como segundo argumento significa que este efeito roda apenas uma vez, após a montagem do componente",
			"",
			"        // Renderiza um texto de carregamento enquanto os dados não são recebidos",
			"        // Renderização condicional: se 'data' é nulo, mostra um parágrafo indicando que está carregando",
			"        if (!data) return <p>Loading...</p>;",
			"",
			"        // Renderização do componente com os dados recebidos",
			"        return (",
			"            <div>",
			"                {/* ",
			"                // A tag <pre> é usada para exibir texto pré-formatado. Dentro dela, os dados são ",
			"                // convertidos para uma string JSON e formatados para fácil leitura. ",
			"                // JSON.stringify(data, null, 2) converte o objeto 'data' para uma string JSON, ",
			"                // com um espaçamento de 2 caracteres para formatação. Isso torna a saída JSON ",
			"                // legível no navegador.",
			"                */}",
			"                <h1>Data from API</h1>",
			"                <pre>{JSON.stringify(data, null, 2)}</pre> {/* Exibindo os dados formatados em JSON */}",
			"            </div>",
			"        );",
			"    };",
			"",
			"    // Renderiza o componente App no elemento com id 'app'",
			"    // Renderiza o componente App dentro do elemento do DOM com o ID 'app",
			"    ReactDOM.render(<App />, document.getElementById('app'));",
			"</script>"
		],
		"description": "Consumo de API com React"
	}, 

	"rct-array-consumo": {
		"prefix": "rct-array-consumo",
		"body": [
			"<?php",
			"$$result; // Declaração da variável $$result. Ela deve ser definida ou preenchida em algum lugar anteriormente no código.",
			"$$jsonData = json_encode($$result); // Converte o array PHP $$result em uma string JSON e armazena em $$jsonData.",
			"?>",
			"",
			"<!-- Esta é a div onde o seu aplicativo React vai ser renderizado. -->",
			"<div id=\"app\"></div> ",
			"",
			"<script type=\"text/babel\">",
			"    // Importante: O tipo \"text/babel\" é usado para que o Babel possa processar o JSX.",
			"",
			"    const data = <?php echo $$jsonData; ?>; ",
			"    // A variável 'data' é definida com o conteúdo de $$jsonData, ",
			"    // que é o array PHP convertido em JSON. Isso permite que você use esses dados no React.",
			"",
			"    function App() {",
			"        {/* // Este é o componente React principal chamado 'App'.*/}",
			"        return (",
			"            <div>",
			"                <h1>Dados do Array</h1> ",
			"                // Um cabeçalho para o conteúdo.",
			"",
			"                <ul>",
			"                    {data.map((item, index) => (",
			"                        {/* ",
			"                        // 'map' é usado para iterar sobre cada item do array 'data'.",
			"                        // 'item' representa o elemento atual do array, e 'index' é o índice desse elemento.",
			"                        */},",
			"                        <pre>",
			"                            <li key={index}>{JSON.stringify(item)}</li> ",
			"                            {/* ",
			"                            // Para cada item do array, um elemento 'li' é criado.",
			"                            // 'key' é um atributo único necessário em listas no React.",
			"                            // 'item.chave_jason_data' tenta acessar uma propriedade específica ",
			"                            // chamada 'chave_jason_data' de cada objeto 'item'.",
			"                            // JSON.stringify é usado para converter o valor para uma string formatada.",
			"                            */},",
			"                        </pre>",
			"                    ))}", 
			"                </ul>",
			"            </div>",
			"        );",
			"    }",
			"",
			"    ReactDOM.render(<App />, document.getElementById('app')); ",
			"    // Esta linha renderiza o componente 'App' dentro da div com id 'app' no HTML.",
			"</script>"
		],
		"description": "Consumo de ARRAY com React"
	}, 

	// "on-modelo": {
	// 	"prefix": "on-modelo",
	// 	"body": [
	// 		""
	// 	],
	// 	"description": "Modelo"
	// }, 
}